Cid,Freqs
ICE2DJP,9
FWNUI71,9
LRX7BCH,8
D96DHMD,8
88Q8Y5V,8
F2PO9F9,8
UD0G53Z,8
MXCWQ97,8
LMOSPO9,8
EI4ZPYN,9
TWTAOB3,8
BPEC7PT,8
MABD8M5,8
XL2LBC7,8
2S79UPJ,8
I170OY4,8
WMD3LKI,8
AZVBPGG,8
TMKIZFG,8
Q9MFT2D,8
9PF2G18,8
EA5NPYE,8
WPJ2H4R,8
CW8CUNI,8
W1HI4ZD,8
LN5O1CB,9
S0WVWM2,8
DICE8OD,8
TIV35LA,9
NJUBCDB,8
II5K894,8
M098S1F,8
KH4M7GC,8
P2RFB2F,8
M91CNMD,8
OVX5Y1A,8
621NIUS,8
SCEQJFS,8
2NWI7E9,8
SEABHYA,9
CVR2X3W,8
KKYOHJY,8
1KII1PG,8
84WN7JB,8
N5O5F2E,8
FOW503D,8
4F7FKH4,9
F563J6E,8
83Y8HLE,8
YAM4G0B,8
35KO7XL,8
QFNL9GM,8
IMZCJEM,8
25PLEWD,8
4XEJFOT,8
8Q5NSEJ,8
KC33PJ7,8
ZOG5V7P,9
4EKRJFG,8
GI5JDMQ,8
BFF1626,8
PWQTXP5,9
PEWUEZF,8
QIAX8WN,8
U4QWK1U,8
7VGZ0DS,8
98M870X,8
0QSE30Q,8
LFY4ZMA,8
3DPCLXG,9
BRXY9BU,8
WORSH63,8
ZB6ITBQ,9
4Z4TF3Z,8
OLZUKP7,8
3G2YBKW,8
HLUFCJH,8
P22NIMU,9
3HP8GAC,8
TGD80NR,9
R2XHVU7,8
FQD8WJM,8
28JAV9F,9
4XGAZYS,8
Z3498XK,8
3CDDV2T,9
IO8LZU8,8
Z5Z6M5C,8
LG6Z4W2,8
76U24I6,8
ZRIOTAH,8
84DQN3W,8
TG0WDVC,8
HGDLNXY,8
S4VDU06,9
8W8LV62,8
KFTZU13,8
94AB0PN,9
CDWRNUP,8
9L1T707,8
T22F9Y7,8
76J808N,8
6NTFWBO,8
NQJU5X3,8
V1O52V3,8
FBEUAO8,8
05PL10F,8
SZ4Z41X,8
RIMDOWG,8
W9Q6I8K,8
R64YGWH,8
BDN8WQR,9
EIOI4IK,8
3XPXYEA,8
EXXLWJF,8
SRHQCFW,8
HZUOY0Z,8
HMJZP1F,8
HKZ8YFX,8
K5L6TAB,8
2BL1USF,8
KEP132N,8
TVE2ZOI,8
JJYP18Y,8
5DLVH45,8
9SDS3NO,8
7WWAOXU,8
XV3Z0J2,9
WZ9XIV1,8
DIU6HCU,8
WS9RWZY,8
JY0WOUT,8
9FG5PGA,8
C7LPHW1,8
8SQDDZ5,8
5D1W1PX,8
8CC1WG9,8
8T9STWT,8
M7426IC,8
VQYWLPH,8
K6ZLV8N,8
TWVEER1,8
G0MW90C,8
GBY52Y3,8
V5DQZOD,8
YP4EOXW,8
XNVT1KD,8
0AP28HC,8
6XY07BG,8
MAH99JQ,8
CX1ENAI,8
DEDTXPL,8
VHI587G,8
1H027OD,8
H8UX85H,8
PSZKDQE,8
ZZD53LD,8
VDV12CL,8
IF4CLVW,8
U6YZMTE,9
LWN93UW,8
GU1T785,8
UU24GK4,8
9U9VU0H,8
1P2RQZQ,8
Y7310WG,8
SG8EMK8,9
BIAHNTT,8
UUTWAFB,8
DKAIH7I,8
BNHHJ3B,8
UF1GJUY,8
GD09TVA,8
TWZBHTY,8
HNJKGNH,8
UHGTXIV,9
LKI1TMJ,9
4QGVN68,9
4FPRRW3,8
BC52GH7,8
OTTBF8S,8
HR9YXBA,8
KS2FGU9,8
14A1ES3,8
IT7R63K,8
Q2RTENU,8
2S1ML6R,8
KJLJ6H2,8
MJLSLAW,8
COV3R9S,8
XVV6G3D,8
ORGBL57,8
VNX9IXA,8
ORTAT5M,8
BY0U8WP,8
PC44NCJ,8
C338Z5K,8
30WLZNT,8
7AYQCUF,9
QSYKUBF,8
ZTM3WSF,9
RDEVVAE,8
EAMWDHE,9
Q8PE1YX,8
GGI0EQ6,8
4C6ANGH,8
GLEMGGD,7
LVEU3L8,7
G0WXL7G,7
FGFF0AN,9
C69CJXA,7
WMAJ1MY,7
CCGPKL9,7
DNXBYKD,7
6XISCGO,7
AQ670JE,7
29ZGOYP,7
2E8F1JH,7
C89MRKH,7
R23W60B,7
YDERRRO,7
YXVVFMD,7
AA5K4XS,7
ROCFZNC,7
NDSZXJG,7
XQPKADA,7
NT3RLLA,7
WM2BNPL,7
LWRY0MO,7
73KEFQM,7
0TQFJ7S,7
MJMWUCG,7
DKL6ASZ,7
AIHEVD9,7
X5WXE14,7
2V1ULQW,7
RTR0PXM,7
WKSK25T,7
7CDUI08,7
4PRI17E,7
S8KD07D,7
G8HLMDS,7
E2FTE1X,7
TM7ZKNS,7
QCH57MI,7
7I2H6QR,7
OHEI7MC,7
BFNADCZ,7
QCE2U27,7
3UPQ5NH,7
REXMCYO,7
R67URIQ,7
CKBUC4I,7
40MRH2Y,7
HI1DNIG,7
8KDUKAA,7
IJZ6DS6,7
7RJUHXR,7
SDY35J3,7
Z068MF4,7
CUSL9G9,7
DYGUE3J,7
N9DTPTT,7
FQF3HEM,7
4WQ175B,7
HF9CQ4P,7
1ILP9D8,7
XL7649U,7
555RB0F,7
1WI40RJ,7
EKP33XO,7
U031LI2,7
8RZAQ8O,7
Z9E8UXZ,7
W2LBHPW,7
TK7L5LK,7
8VCTIVT,7
UHR13SW,7
Y4P7E0D,7
JAFHV2M,7
UAQKA29,7
V996NC4,7
UAI96IO,7
ZIQ75M6,7
F7Z8KLV,7
4W64ZKW,7
9JO6YTG,7
M8OQOBJ,7
QI9X8N2,7
O30BXXH,7
OZ1ITXG,7
L64J2TS,7
FV6R2OV,7
HD0WDYA,7
JYHDLM3,7
69SMKYD,8
333UOJC,7
CHYR82U,7
LJUHTLS,7
N8GMSTU,7
IUW9FNB,7
KR3L0HZ,7
HGXWRR6,7
LIRPIKU,7
9AZ6N08,7
M9A5DEN,7
YRO9K4E,7
6IU3SXR,7
NON1LJH,8
JZWVM43,7
LL8BXX5,7
8BDVGIU,7
3METQ6H,7
HIXSU3A,7
SVWZTEG,7
1TT8JQ1,7
65Z9F19,7
0496SH5,7
CCZSVC7,7
GAN2SJL,7
3M147PP,7
RNHPRA2,7
FAVHHY6,8
WPIQUWQ,7
49CTQZ3,7
5K10UP3,7
YATDIIQ,7
N3Y3AXY,7
OJZF7HZ,7
KGH5LH4,7
HKO747W,7
HZZ7TJB,7
4673534,7
UQ7Q1DX,7
MJ73494,7
QD583L5,7
RGOOM4V,7
XCTXOWZ,7
S7U3MV8,7
P4YUGWW,7
3PE68RA,7
3QZZ5YE,7
0EK3UCJ,7
GI7KYNS,7
9BY75DY,7
083ADXR,7
FPP2NV2,8
PCDO79I,7
7Z8DJZ9,7
BNFCV39,8
U6FGC4T,7
MN46J89,7
Y6VY9KF,7
HF81PLP,7
TM60O1G,7
U2OJMEO,7
R8RZ1FV,8
XPU9NTX,7
9AFU2ON,8
PW69VNB,7
8XO2U83,7
BQ61DA3,7
STO74ZG,7
3JPUSWW,7
0TGC4OY,7
O12AIR4,7
840LVP1,7
MS0N878,7
EU73QRT,7
RMGE1KG,7
P5BU98G,7
KIOMROS,7
4N6C0BD,7
YY3LPBF,7
M8GAX5S,7
F732EUS,7
GY76EA0,7
E07OOSE,7
O7KCQ7F,7
M77D9B3,7
W02RPNT,7
WE7S5SP,7
NQFGZDA,7
UA4ZO30,7
BWK1ZCZ,7
GN1WWLJ,7
UBHFLD7,7
S1WE5JH,7
580Q9XV,8
SHB4QIU,7
AM0C6LG,7
8AJ2UJM,7
X3HX5CV,8
BYIY7H4,8
0FR495E,7
ZAJAH6J,7
4WO5AAJ,7
PM6ZQZT,7
ZNCIF4V,7
EMMF6XO,7
0490N1N,7
667EUCB,7
E6M1ITX,7
9DKDS2Z,7
PYS6I5K,7
IP9OYW2,7
K20SHID,7
LNS3D3J,7
W3ISSK9,7
SIT43HT,7
P6AGRCI,7
LRBRRN6,7
TRWXDH2,7
BIPU387,7
O3F9MC3,7
TGZUDCF,7
DEFSVNA,7
E6579WR,7
0QZ7AEX,7
Y7WE06I,7
UNCSZB3,7
VSOO5MM,7
Z5565RR,7
QRHW9F8,7
SZBRCPM,7
4MUMPQY,7
P5AEMO1,7
XDWSS7W,7
2DTO10Y,7
ILI669V,7
HLHJ8PL,7
6G4BTKD,7
DUC4AMF,7
1GLD5CL,7
LQ388SW,7
30MMI91,7
VK5I281,7
DDPNLZW,7
JWC2NS6,7
LF5IRHY,7
7AYJA5B,7
EIDVYKC,7
J76ZROM,7
W1DZG5U,7
O4633Y8,7
FU48VMO,7
ULWDX2K,7
Y3H0L7T,7
KJ4WM2P,7
XLMHFAU,7
NU7J5JF,7
DZ5ITJ0,7
K5MVWOI,7
38QC9H7,7
H97VVK2,7
O3G5F7N,7
GK1W5NZ,7
91PIU7U,7
X8DOD2V,7
9TE1ETI,7
GFGI637,7
QAL0180,7
A0SAIK2,7
NSDCBM2,7
IOX016S,7
74E1BQZ,7
OSL257L,7
Y08KWUM,7
0YFUP8D,7
RY2BUO7,7
75BEGIG,7
F97XGQU,7
D9LFIR1,7
4SSDZ94,7
STMRHNJ,7
NPOE7VI,7
XONF5H5,7
MO4NHO1,7
P2GN1WF,7
PBIYHE0,7
THSZ0PH,7
A7RI10N,7
W923KLZ,7
6UQS8RI,7
5S0YRAA,7
IJ5CR7E,7
T8Q852X,7
R0POL6R,7
9XBGWYB,7
AOU55ZP,7
6BA1PQQ,7
OCSAJPY,7
I0YEF88,7
3EG9JJ4,7
JEQ6UIO,7
PK3SQDN,7
R3G88LA,7
WQDG4X6,7
R3ZN959,7
SODB8R9,7
Y28B4BN,7
W4UMB97,7
F9VKS8C,7
KVIDCGW,7
FSRUWZO,7
MDZP9ZP,7
YT6FYL6,7
GB374KF,7
M7JD8X8,7
0QLTNXO,7
NL9W8CU,7
BO1OPCM,7
INKQM6L,7
R4TWVBG,7
2Y9JV9K,7
AK6F98B,7
CNBRMU5,7
55GE54Q,7
8M7QEYE,7
DXKXQGN,7
EPBX7E2,7
CI4ULCU,7
J61Y12F,7
GAGDM76,7
I8Y5ICF,7
2JCKI7R,7
HGUBTPC,7
JFPQ56E,7
EJM2KDI,7
SE0ADN5,7
SSPCRNU,7
PT88LND,7
J2599SR,7
IDQRPKJ,7
3SXIVOX,7
HDCHU0E,7
KLSGASH,7
T7A45IB,7
H9F4NWY,7
9T1UELP,7
QMC2276,7
2WFM50U,7
CB9232J,7
1NORXGD,7
A25ATG1,7
7QDS7ZC,7
A47LZQQ,7
Q5IYSK2,7
76K7K53,7
KWDHFLH,7
E107VY9,7
GO3T0CM,7
S94BLAU,7
ZS59R89,7
FVLN0N2,7
XLSQTQN,7
QUAYJK2,7
Z8EA0GG,7
OXTXLPC,7
8Z1JQQD,7
BSR4K2F,7
B7XSXA1,7
PK8FY4T,7
CKUU9O6,7
D11TUP4,7
51GDSLZ,7
7P7221G,7
N2ZXPFQ,7
MIYJIE6,7
KP4YZYA,7
RKVHRCD,8
JDF864D,7
NBGI4TE,7
WZNFK3A,7
SD7WDFT,7
RZSSW7C,7
81UVB85,7
COWNVG0,7
WN54D8A,7
QBQZ04K,7
Q3UCBZO,7
FE8PI3K,7
XFWNUZU,7
ZZUD9GZ,7
1CHMAPL,7
NON6LIE,7
9U8W4G8,8
FVGJ12T,7
ZZJ5CUG,7
FYWC6AM,7
EDL5S8Q,7
C6DTMP9,7
OD5ALV6,7
APBEJNT,7
B2UC8LV,7
653QELH,7
A93FD4X,7
OISL1BB,7
QZVDBH6,7
5RR4LV2,7
MOLDZ6F,7
91SNG7A,7
W5UUOJQ,7
YAGL1YQ,7
7DF2AES,7
CHYI78O,7
T9Q0FYN,7
Z7Z4MBJ,7
HOW09IS,7
73PLWNI,7
1AUQUOC,7
2E6SPW2,7
14ZVZ4G,7
FRVIW5A,7
T1SY5RL,7
O82YAQG,7
TXC5UT5,7
YCECE4X,7
DAHK2SN,7
4OMUUCD,6
J22N430,6
I5A5S4F,6
PX56TB4,6
V6BIMPG,6
G65V81S,6
KEVV5XK,6
VSAOLUH,6
OPUO1NU,6
V7CP7V4,6
WOVPXNZ,6
KPM326B,6
HZ3FOS4,6
ES1WD5F,6
4OB765D,6
N0Q3QHK,7
S710N46,6
TG6YT2T,6
XKHXOKL,6
TRP2I9Z,6
HVD4Z9O,6
L1AT0UH,6
EKWN636,6
7BJCGBK,6
9734SQP,6
SNSUQRW,6
MT8HYK6,6
SIR5L11,6
TCV9CCZ,6
EAB5WE9,6
ET667SN,6
AXVL2E3,6
B2EC2YJ,6
ITOTSIS,6
X1YPC6D,6
AYWSYWQ,6
KE0THNL,6
7KJK4QG,6
AY5BA37,6
JK0JL7S,6
3TG48CA,6
2F5QDKX,6
SKUKF64,6
DZ3NS1P,6
TDN5O99,6
M3ICVCS,6
IN8L6ZL,6
XX0STEQ,6
0SW8BAM,6
48YLQ03,6
XQ5S2CB,6
5IY3QVP,6
9Z1H0CU,6
HZXTY66,6
PBDNIFQ,6
WLQACOA,6
IIQNIMI,6
78U0T2F,6
8AM23C2,6
5W94C4Z,6
JWTMBUF,6
ZAEAJQ8,6
NQGTBGZ,6
EXVXR5A,6
HPBJC0E,6
T806AVJ,6
I5FSCS1,6
NBQZHMQ,6
G6M6QTM,6
LI1KNAC,6
R1AZJPP,6
TLNMBJV,6
KT7Y4LR,6
KNWCIXD,6
9XQLVAX,6
P2A23DN,6
V8QAS22,6
IGZM42S,6
ZVD518G,6
MUU6JHQ,6
4JA41O0,6
YCGBVTZ,6
40XTX8U,6
V2LZE5T,7
OXPA6G7,6
IPHBAUC,6
5837CZR,6
7P3JEFK,6
KGZ7Y91,6
QWV07UB,6
E1K8PTT,7
43VST8E,6
A04WYM0,6
ELM4C2G,6
4XJSP4R,6
F2JBX0O,6
IIVKHMI,6
542PFWE,6
AWUQ5H1,6
KCTN0HO,6
4S50LDD,6
3DF7TOX,6
M5C8JCA,6
XSC19SY,6
MILH6BD,6
135TZOD,6
BYN7EI8,6
3O8LSR3,6
C5HFVAA,6
TKASNGA,6
9YZJWQW,6
VE6JI17,6
H5C3VT6,6
1DMW60V,6
2QGLNW2,6
WDILPFY,6
9G8XZ20,6
ZNDIOL4,6
VZL0GMI,6
0SGU6ID,6
57Q4ZKO,6
8A0Z50Y,6
YRDCNM1,6
J3S3LY4,6
3WHT05V,6
35HM1FM,6
YYGZXWV,6
4P2GB3O,6
M724A8Y,6
KHZGXAD,7
0V14L48,6
0PLMLNH,6
PZZAT3E,6
9OT6H2E,6
RNUSP71,7
QO2UQP3,6
F8QKUNU,6
U5ZQA6R,6
7T90ZW1,6
1GHNCQE,6
AZXE0H2,6
QKCL2AN,6
9UBC2IP,6
5CSHH58,6
OOROGRG,6
AWBK8ZS,6
ES07E9Y,6
XNYELDZ,6
FIY1V49,7
CVCQ8RQ,6
JI7Q0L5,6
UH9MG2H,7
ZY2CICT,6
RSAWU1D,6
OXRJYPB,6
GJM5Q4U,6
E1HJBA9,6
L9G4OFV,6
TZW0E0X,6
Y2VP1R3,6
400C465,6
ESO1QVU,6
A1GYXMP,6
9LFYA25,6
HL55X6O,6
23RS2IF,7
HSXIL53,6
PL8MCXW,6
3Y5IFIX,6
ZXCKPXI,6
KPNMC81,6
HTEZJ12,6
0DI6GQC,6
ISKRMQV,6
AP7VKFH,6
TY68O02,6
VYAQA0R,6
RMWRKJO,7
AVM4FWV,6
UQKWVZ0,6
WBH93HE,6
RP9GI46,6
0GWP61B,6
OZ7HE4O,6
2U21RMQ,6
J7FA4V1,6
KISEK63,6
5J3LUI8,6
CP8VHT2,6
8GJBHZU,6
GLB2L25,6
KAM8NHP,6
7U8RW8M,6
9RM1664,6
0J67SKH,6
X8CGZMP,6
LWXYPKI,6
VJ3HX64,6
A9AP5WB,6
AUKA1PP,6
DSV55P0,6
RPLFG33,6
6WP5SXK,6
EX18AT6,6
PQ4HWQE,6
S7J2YFG,6
1XQCVXX,6
3CA7CQV,6
F4WLZQF,7
HKOWRV3,6
LX0ZHUJ,6
HRYAE0F,6
YZ7HDGI,6
GHBZDNQ,6
5IMNOMC,6
QAN7PQV,6
XUM5M97,6
0BT3VL3,7
20ZHN4I,6
7AHKOSQ,6
W0CXB5C,6
9NLBKN7,6
I8YOC4U,6
38OFXFP,6
8HDZOCQ,6
XR0TBV1,6
5O31B7O,6
3X5Y9SD,6
YD68OR3,6
CRGRUUY,6
3R8XQIT,6
C1FH0O6,6
SQOMS2R,6
ZNBE678,6
CQUBDUC,6
E4FJ7P9,6
ZZ49W3Y,6
2MFJQGG,6
BI3HX4H,6
SPBR6V8,7
RQCRZAZ,6
KYYDMGF,6
T3W8IRI,6
2DS8VAS,6
2ES6RDE,6
KZ27XO8,6
YZXV88L,6
B1GCJI0,6
2HGH505,6
9C70N4F,6
KY4GP3N,6
EKA9T54,6
JHVH6UF,6
6OMT8O1,6
0HAXG6F,6
ZPZDL8P,6
SS5A6S3,6
1S2M489,6
RRQT47G,7
6N8LTTB,7
A50JU5J,6
UK5J3I7,6
62EBQ31,6
WGVXCW4,6
CR2INWQ,6
OF2EGTZ,6
Y0EJ25I,6
I8PX7EV,6
GH7UTTF,6
IF6S3T4,6
XH94M9P,6
Y4QA2LF,6
VHIHEPQ,6
397C8W4,6
FYLTI17,6
OQQKJY8,6
WK20S97,6
XYAR7UH,6
G9DYS79,6
4DSGJ6L,6
ZIWEUWS,6
P1RW0HG,6
UAMBHY6,6
58509MD,6
9B5JNWC,7
JFFF2T1,6
3OMUBUP,6
MT4MO5S,7
5CY2QCO,6
W8I5HFO,6
5EEZKU8,6
INDI79B,6
NWF492O,6
Q62C0BV,6
M6WLHXR,6
19DDB4S,6
7IRR1TQ,6
C03DUX3,6
51XS4G3,6
VDO44X5,6
G8D14D6,6
ADP2FQM,6
F8F4C0I,6
YBV08TI,6
BS9W74I,6
L0EGN7I,6
YCJ1943,6
IPEJYBZ,6
L6UCLSP,6
6YJ0FCE,6
NR93NG7,6
YZQCNQ2,6
J6C4XGG,6
FE4K5BT,6
PFYN5MM,6
WE5V1UI,6
CVG9T0K,6
FL1F24Y,6
B9Q64IL,6
VTL014I,6
S1VL2P4,6
YMAI9UM,6
LK0S4DE,6
J6FTJNE,6
5FSTSFT,6
QCP03DQ,6
XSW28WT,6
WMJS3XT,6
VUXKQM0,6
S6VHSEM,6
PBNYHZT,6
7EVREMF,6
HP7Q0AR,6
VL7T5MA,6
6AQMAOU,6
TATI44R,6
GSZDINT,6
QU6GM6I,6
6DVH3P8,6
GXVQN3N,6
A4IITUA,6
FV4MA3I,6
D12IQZQ,6
FNOIBGQ,6
9UU40FF,6
UGEUS96,6
76R9KZL,6
GWNHERA,6
RZI50VF,6
9TP7XJI,6
GY61YVE,6
V1V6FGO,6
CLDMAG8,6
X2ZNW8M,6
X8ABMU8,6
8DCJOHI,6
6TKHRNQ,6
GGGOI8I,6
E5UKWOD,6
CAVPGGH,6
ZQAS83E,6
YM72JQV,6
9FTHEHL,6
J9PCLD9,6
MX1F4FU,6
PWPQ92I,6
8ZLH9BD,6
DMXMMX1,6
6Q7AELK,6
MI25PWH,6
OX83WTH,6
FGJSC8Q,6
QE8CLLS,6
BU3WRIE,6
0MV5ZN6,6
L3SU6P2,6
U8SRQ09,6
TM517RS,6
SESH0WG,6
P5RZDLJ,6
SAGJ80J,6
O1VSAUX,6
99RWX37,6
A1EKWNN,6
5UA2GL8,6
B64WJX2,6
7F8LY9X,7
IQ31482,6
RO0JFBE,6
CEH9VV9,6
B1GY97W,7
CQSBPXI,6
QU50NV6,6
O1OUQYK,6
E2QOXB7,6
BWT5RW4,6
HO4BTQT,6
0DVN4IX,6
DXTAB6K,7
QINKB6H,6
6RT0II5,6
3L87ZG8,6
WWA4KNT,6
T3B144K,6
FFDGOUY,6
YRY9GMT,6
UMZQH9C,6
R3KEQSM,6
IYCETUI,6
T0PB4PB,6
ZH593C1,6
2RJN8OG,6
3GDG6SR,6
PI2YP0P,6
YBNDMAC,6
IY8J2OJ,6
D4ATTHV,6
83GO8K5,6
2PT7G6Y,6
OHJ1JCK,6
7D0N27T,6
VEUXH3D,6
FTBK6UL,6
WKVIFLJ,6
WB3BWTC,6
FNUWJRL,6
MJ0NTVP,6
DJT4OIK,6
JKKZIH0,7
73696E6,6
JHJCYG1,6
857UF1P,6
PJ2T57Q,6
QHFJ8VG,6
87I83NX,6
1BDID7S,6
J7ZPE3J,6
P55RURW,6
HEJY3DV,6
46QK30J,6
1J7KOLO,6
O3JX5QB,6
I9A5RAD,6
YUP59D3,6
X1IDYQH,6
01CSQHX,6
IG7OK0J,6
QG6YMFQ,6
ZJIUFEN,6
CQXRM74,6
1VQO3SO,6
2FGWEZQ,6
ZKKEA47,6
US8OJY0,6
WPUZP03,6
JSJ54UD,6
Q9BS2C2,6
BSLYHH4,7
XC5EVC6,6
V3YMCBR,6
WBBW3J4,6
S62L6YG,6
BSVB24K,6
OB905CL,6
PUJNJCT,6
9FVTTVH,6
DV7MLTI,6
LNPX9JR,6
4PI5A9I,6
EK6SYQO,6
NU3R82C,6
4LLZXLT,6
SE7B0GK,6
7YDBUZC,6
TC4LZJ8,6
FEJ19X2,6
5SKI5BA,6
Z0NNLEF,6
DWB56CO,6
V8U94MA,6
75ANIFR,6
S83B7L0,6
SIW6RAV,6
ZK3MD7N,7
PN4AQYA,6
DO9JU1K,6
PKJNG3Q,6
2XAL5EO,6
T9LLLYB,6
UTH0QB1,6
J3SHG1V,6
KM7N33W,6
B4VAWUM,6
IEFPTUJ,6
H46S9DH,7
S8QOCOR,6
BXPW3O0,6
5H1X9G4,6
G9Q7CS3,6
W75RV2W,6
T494RF8,6
205DZH2,6
TBMRZRA,6
CRRUW2T,6
YYKU8FI,6
G700FF0,6
2N4QN8T,6
8OK7QVD,6
J1L0XKS,6
837K17D,6
TZRQIMI,6
PM3ID13,6
FPWRAAN,6
XWY70QX,6
KGJTTUG,6
7NDWURV,6
ULY2N1C,6
FVV6QAL,6
KF5TSRA,6
383C5T3,6
V0WF0WA,6
1FXNUUW,6
FVZSNTN,6
IIY9Z4S,6
XYPBUPT,6
MVGL41Y,6
T9M29VX,6
47WBZAG,6
G348FFY,6
442QBCX,6
XA9VZNJ,6
6W1H164,6
OXIKO46,6
0C8R2S9,6
HQQ5W9E,6
Z8UF9D2,6
FRPV1EE,6
U0OSTH5,6
JL4Q07H,6
9VJJA1U,6
10ODUVA,6
239M2OQ,6
KP8W7I6,6
O4E290T,6
RH3GZUT,6
P612SMO,6
QKQ3C0W,6
LUYFN0O,6
K27V39L,6
UHAXUCA,6
6EH9L77,6
Z1YA4MK,6
3DVFTJH,6
KH9C1DP,6
DK6ST9C,6
N6AP56P,6
N0WL1GY,6
42C27BH,7
VQMP7QI,6
SSGMCEO,6
FY82RQT,6
Z8U4M92,6
S2YL285,6
2J13CD2,6
3RCPLMC,6
ROHZT8V,6
SD8ZRAG,6
BDV3LTA,6
XPSBMXC,6
PZ287VT,6
E1RDQAE,6
WGCM67B,6
KO65P42,6
TTMYHUJ,6
KS573HW,6
R29YCES,6
3NSHYXD,6
82U40JM,6
6MXWLHK,6
OTNG02S,6
KU6C0O8,7
9K85TVV,6
HTEK8TI,6
VFBXTJ6,6
MQHOUJT,6
81UY1Y2,6
1ANWBA0,6
206N3LL,6
OIKEHCQ,6
2JBP64E,6
TW653SC,6
0C0G5SY,6
L6PJILG,6
UFNXCO8,6
9BPHYUQ,6
FD5ELAY,6
O5PR8UO,6
M7GJ6TB,7
ZMS80YC,6
3J1LBYY,6
O5WEJRT,6
4UZ3CW1,6
AG2W970,6
NE6UVXF,6
ZS7WN0A,6
Q9PNUNT,6
9F7WIE6,6
OKLGMCZ,6
9W0L5B5,6
VXIYPEX,6
RLJHMN0,6
8LYC1H6,6
1XX5VM7,6
400WW5X,6
4E0JNTT,7
QQU5B62,7
8KL9C9X,6
VYJUQ1R,6
48SB0MA,6
4JJN9KJ,6
N3BJLUY,6
JWSTRE0,6
V68XYHR,6
EL6QV8D,6
ISSOQ1T,6
4A77US1,6
C9118MI,6
KJ45QM4,6
CLS4XKS,6
50CPSDX,6
RGS7J6M,6
6RKN13A,6
U9FEJA4,6
6CINZYC,7
K2LCC3U,6
W7TPHCK,6
XY67JZW,6
SFHP8V5,6
FZD7ZYY,6
1FFLWM8,6
GR1WE1Q,6
XESG5KD,6
HBZZBOP,6
EWVIYD9,6
UE76LCW,6
BKLWPZ8,6
B36PM59,6
QD6RO1L,6
1DD5H98,6
CK8MGDH,6
G4USS8A,6
XB9Q9CQ,6
0FQQHSF,6
ORX0R7P,6
SOIRNJ9,6
O79A6UP,6
WDW1USU,6
4UUL9AJ,6
8H7S242,6
FAF7PUO,6
W6BJEDJ,6
MK4EH5W,6
1NTL6FU,6
RVD00PU,6
XU02DWD,6
K8KHJ1Z,6
V20ZJ5L,6
FCVJJ7E,6
UN16BUB,6
6FPB7OZ,6
KKHP3YR,6
MEW3UVX,6
XCZD6QW,6
EA9DCJR,6
H0HCHGV,6
N45JW88,6
50UL3OR,6
PFV0RUS,6
TAMG1XU,6
9MAJZUR,6
PVRWX0C,6
I5MET4E,6
DMSBWPU,6
WGU13HC,6
IZWGWK6,6
754QXJZ,6
2RUVRD8,6
W6NHMMO,6
I4TADYY,6
CL02EB1,6
XAIBAQH,6
7KCHYEV,6
O7TTTHI,6
ORK9W2H,6
96X6EL3,6
6LAPOHL,6
R2NSBZX,6
M8TB1EW,6
MSCSHYT,6
G3NCSS1,6
C41STUR,6
31CQPCW,6
HL3H6ZN,6
35YV3XH,6
XVCEQ6R,6
LOXR1ES,6
BFVHOVE,6
AOEZUM1,6
APCZU7H,6
2Y4WZ6Y,6
H0IOSG5,6
AHVI2U6,6
059EY7S,6
SB2K14X,6
PGMCPLC,6
P6YJPTM,6
5XGH0HF,6
USKHRM4,6
75O4B2H,6
K0CS9X6,6
EG9S84O,6
U6MMAXS,6
UQH2XL7,6
MC4TO64,6
V7MPHK3,6
IBY9O96,7
CGLJ4CQ,6
02MPPE7,6
RZ3NQPE,7
JDFENZJ,6
2E3SW8L,6
QLTWHAX,6
Z1U76LB,6
L576YIZ,6
74VAD5E,6
JRM6VX8,6
CM0FWQC,6
21UCQTA,6
6PTE35F,6
K1W5BWM,6
JMYAGA7,6
3ONECIY,6
ICK20RM,6
GVY6NZH,6
OGPN75J,6
WAETH9C,6
67LY1ID,6
4C67H2K,6
0IDO7KQ,6
189M4WK,6
3BDP0IM,6
18AV0FP,6
2SXH9QM,6
8U7M6XD,6
0PSUNXR,6
2KAMTLK,6
EZISYYQ,6
VIN3NAN,6
JKN2PRB,6
WOF4JV3,6
EOSD8YE,6
LZ2EETC,6
T60OBYE,6
BDZTZLD,6
7YDTJ78,6
7GMLPHF,6
HTIR3K5,6
CJMLQOX,6
8UCU1B6,6
ZREJHHA,6
ECWRORR,6
Z88JX4Y,6
G4WV9YC,6
FE7B6M2,6
0QAAESM,6
KBZVY9D,6
S87BKZS,6
1V4Q9XM,6
A2P30ZT,6
LLAOH82,6
EMYH7XB,6
0OUW11J,6
WM84OGR,6
YZ06V0J,6
QULA1MQ,6
9J2BQDP,6
5TIF0Z1,6
NFQKC13,6
TWQ1116,6
8B532YE,6
4KJ7MK6,7
MX0KLAH,6
EQ4S6SE,6
7LX1R0U,6
TNDJLLS,6
B628SUM,7
GZ9L34C,6
1KGQ0T2,6
KZSMFYX,6
DF5COR6,6
16JZU8H,6
9FD5TYL,6
DX70K8U,7
USK9HO1,6
7UY4C89,6
F2MTXN4,6
3VU00XE,6
J9XNI15,6
WUVD18V,6
4PAZNK0,6
MKAEKR4,6
VRNR6H5,7
3X1KRNQ,6
H4LULWZ,6
4ZNOFZ7,6
QOVTGE4,6
I8PQN1U,6
YBRF9JV,6
QYTS5S9,6
XPV20I6,6
3XRPHIC,6
KOYOIRC,6
60VVF8M,6
IIJRN8L,6
K33HRJ2,6
3X3OWAH,6
F3678MD,6
79YTMK9,6
UST7G4J,6
I2T62AB,6
WLSDRRU,6
404RD06,6
1ILTBK0,6
GMS1L9E,6
DDWNUA8,6
AIC213Z,6
GJ6V1JU,6
A6Q321C,6
25DQNUP,6
56YAHUM,6
LI9F8FY,6
1MQP0AP,6
NA8CNHU,6
2W11KH6,6
16U9VMH,6
SEDY3VB,6
M3ZPXAH,6
KXB4KCT,6
SHTYK21,6
W93WTXE,6
JF45SQU,6
9I0K50W,6
B22XMJH,6
UDHUKAJ,6
R27725X,6
EYWB3NY,6
PT9DHQJ,6
X1Z2VMI,6
KN0HWN0,6
5AH7XQS,6
P3A4BB3,6
PC7BO21,6
16I31FE,6
L7RPK0G,6
M7BIH9D,6
4YYD2LZ,6
STTGC9U,6
M4NPPHS,6
D783YN6,6
358BVB0,6
9Y8B20A,6
X2BXC90,6
SXEKKHU,6
55VLT70,6
5XAQQJT,6
X77YXGW,6
7MEQMWR,6
UZ9V0NO,6
XS1JRJW,6
JOSD8X3,6
2M65INL,6
2BE4WNB,6
UL8TIQE,6
1GF0TTU,6
6O8DVX2,6
1YW6DDB,6
0206WDJ,6
2JJMTDR,7
NDP3K89,6
RA53LD0,6
89RJGWY,6
G9Z11II,6
S9P68W8,6
54DZKLV,7
0CCBENV,6
LWDFV93,6
I2KW73G,7
BGRYR4V,6
X6QLCJG,6
U7A0AW6,6
I0YYAXU,6
6NMB0B4,6
QRG3Y1I,6
B035VAF,6
ERGQ01V,6
CYS5BZ1,6
55EKWOX,6
XECIQ9Y,6
CX63AYJ,6
3A3TTV1,6
GXLBENI,6
3DDNAFG,6
BN5Z1ND,6
8SYN8XQ,6
AGBTFOT,6
HSXLG9M,6
WHQDTCP,6
BURNS5W,6
BFOLI73,6
VHP6CD8,6
A1AOBPB,6
SJIJKC1,6
NJH78D4,6
L9NVT3V,6
3338V19,6
RRTVWAG,6
Q6372IT,6
9C78IJQ,6
KDXJI4Z,6
BRP5J3V,6
FXZQ8PP,6
50L6KT5,6
3GH837I,6
ZLLHMOW,6
5WP80MM,6
HMHO8S3,6
SZUKHSK,6
H5E6CNS,6
A5IT527,6
YHHSLMK,6
K8NVFLL,6
RSQEZA8,6
RRXAQ2H,6
E8X08BT,6
SBDNBLE,6
U31T37K,7
V51B66N,6
0UYR7H0,6
9J52M8O,6
57CLOYA,6
VRZ12LW,6
SLBF6NG,6
05GS8T9,6
C72N15O,6
F9Q1038,6
TBWMZKW,6
JEJQ5MV,6
HFN2W70,6
K4JH4UF,6
ALZ2XDF,6
Z2SIGD6,6
1K5Q1I1,6
87YVSM7,6
HF03WLE,6
SEU8IUJ,6
B0U6CYK,6
C2DP37C,6
7SZ1J02,6
YTNE27A,6
PGUE2Z8,6
XNAMM1E,6
ODI9IUJ,6
OUJ63F4,6
3UNPXYK,6
F730GTD,6
S2XCGFE,6
C30ZC72,6
GLV42M7,6
SNUAEK6,7
7BSUGJS,6
XH0SF53,6
Z808H7T,6
WP11GVM,6
JFEAE9C,6
XME6EA6,6
CS98TEG,6
ZULDIDA,6
V6FWUST,6
MZY14I6,6
QLCEIY5,6
USIEZD1,6
496X3FA,6
E0YS95Z,6
S96A33R,6
E1O6T8W,6
ZYZS8EN,6
JP3QB4M,6
J7MRT91,6
9B89K11,6
QMJHXWQ,6
96KXQEA,6
D9D1G5I,6
TDNWN8Y,6
I1HQZ06,6
2PUCNO8,6
K8K1N5O,6
CH321U9,6
YL44CJT,6
TU3IROI,6
S8HOG2V,6
DEEUOX0,6
J5OKD04,6
3PYW6Q7,6
XU8KNLX,6
NZC22KE,6
3JJ77KY,6
K8EOXEF,6
RGGTN0D,6
2WPWN7O,6
TUPFGDQ,6
2X2EDUL,6
B1FLJB5,6
1V3VX62,6
49WGZ4C,6
PXO7A4Q,6
TG5EL7H,6
P7OVUCY,6
NXSIA3C,6
UWCDWQH,7
ZI6O706,6
QAAXWEZ,6
8IG6HF6,6
QE4U9HO,6
IUF2934,6
PEHRJ52,6
6MQ4DKD,7
GICX2Y9,6
1UMBVR3,6
PJVQ51Y,6
MA99SA7,6
ULS8XRB,6
EVD3EFU,6
YXZZ78I,6
Q66KVMI,6
81TCWP6,6
5Q20LDU,6
3MA63LP,6
KNNH93L,7
3AVOR5X,6
MKYEQVM,6
U1NE3LR,6
KMVKYNQ,6
LLPAF4U,6
EBI1SN7,6
8HZW8FJ,6
VND61GR,6
Q852ROA,6
EGQQLW6,6
RUZET8V,6
WQ0HQ5E,7
6TIKOQ9,6
4SNBVMG,6
098ZZRZ,6
JOMGJ37,6
8FHY0A6,6
K4RFB2I,6
27OO7B9,6
V3NKH05,6
81WZLTI,6
F0DWYPT,6
0KYYU0O,6
SKU0GAF,6
E3DHBVX,6
VFO9XS5,6
WBTJRRE,6
JNONYS6,6
8GGAV2S,6
NPATSRL,6
3WDYGT9,6
OURH5FW,6
Z1Y82I7,6
GYAI0XA,6
0TLUT8U,6
IUL5TB8,6
V9WI8E3,6
0696DO5,6
AH4UHSP,6
P7XP2E9,6
1V437N4,6
T10NI6F,6
EAF0RNL,6
5UR1MAE,6
07A6LOG,6
WV2WKWS,6
3Q87MU8,6
RS6MZRL,6
7GWACNI,6
Z3LCJ5C,6
Q67YSW4,6
JP5CXM6,7
VG07XHO,6
ER1UFNL,6
Z5JFGMH,6
Q4EAB7N,6
71Z7XOR,6
FAILRNU,6
73KMXHX,6
2RLQQM0,6
L0AMQDE,6
I538TS8,6
1ISAGG0,6
2EOOBWS,6
QDAXWOE,6
NA4DNTL,6
24IXP19,6
TELCRSO,6
1QEMWIX,6
VZOLGQ2,6
I4CZWDZ,6
FLQKCT8,6
KIJ7576,6
EOEE9IL,6
VGZY4LY,6
B2GQK1W,6
0VJ03CE,6
979ONLA,6
OU0SS33,6
VD959PS,6
8GBMJTO,6
8WQFH76,6
WLN9HSH,6
VUQZJ9Q,6
TW3PSH6,6
D4KHX98,6
UYI7NO9,6
3UAFJIN,6
HZI290S,6
9CCFGT5,6
TSNWU23,6
8VPUIQV,6
4R951K6,7
AZIXX7Y,6
FJVHS9Z,6
ZODEPBI,6
FSW7XL3,6
SCV4CEY,6
NJGORJJ,6
HXQNC1N,6
6WVV9FR,7
U9P9W4A,6
1IOWZDU,7
P487PY7,6
VRJHFTA,6
J1R1KP5,6
ZMG449F,6
AZ7KPN5,6
S4PNTDP,6
7WLPQL6,6
XB76CSK,6
3EGTHSZ,6
X6Y0321,6
LFKWZEX,6
0FI7GCT,6
FN9T49O,6
ZXJTEJJ,6
YUDCS32,6
3QLJN2N,6
IVFG5KZ,6
7A0A4CE,6
PMASIGP,6
5X29DQ6,6
MOVNQ1F,7
E0SA05B,6
7E4F2WJ,6
OPU8U39,7
O17FL45,6
DS4ME99,6
8XJZTB8,6
MYY1U7N,6
12GFZGW,6
UF9XHZO,6
6AHPSKR,6
RET0TTU,6
HLRDNKY,6
0TQEWJS,6
Z0E80QP,6
OIDKZRG,6
BTZ3ZGX,6
MH59XWQ,6
JU79AHQ,6
7ILG5EQ,6
HNI3PPZ,6
VYE7GA5,6
ZR2XBPO,6
O5LZE3S,6
O0CQB7I,6
Q6M2P8A,6
OE3E418,6
KCUMJ0T,6
NJ5HOLI,6
YH4ZDL0,6
TI5ZWCS,6
PRSSXM3,6
FBV3YP3,6
W565EQE,6
ZZZW5ZR,6
1BRX2EG,6
VKYG4L5,6
6PP7XHQ,6
V4LVCVW,6
OUC2NU1,6
1AIAZ7C,6
DCXAP5B,6
QRKLNZ0,6
N1LQ223,6
HW0MIKF,6
8LDEF8L,6
8FV9E9J,6
379HGMY,6
ZGZGKS2,6
F50TPY8,6
B3ERX6K,6
BVSFJ37,6
PG6SP38,7
QH9DJMA,6
VGQA0ZX,6
I5F4POW,6
IMCRLJ6,6
HIAKKO5,6
74LFNOD,6
3KWECOC,6
OESHY6Q,6
XIV5GKX,6
GVN98HJ,6
E6F4VAC,6
F59T330,6
0QEBA8A,6
1XEELD2,6
BW5848F,6
H4PY1O8,6
I4QPFVX,6
Y19P6EG,6
KGI2N16,6
IHAVMNI,6
G86XOF5,6
WILDIGC,6
UFHNC2K,6
RSQ4C75,6
HXDR8ET,6
8UGV78N,6
HEPCFUF,6
640SCQQ,6
4ISWUV1,6
3373PWE,6
R6T8FVU,6
YUCSQJX,6
V1OK4Q5,6
4RTCRVU,6
UROLYKB,6
T04T7O7,6
I8RIHZW,6
000IPH5,6
RR6AJHR,6
DZ7ZPHH,6
19JRSH3,6
BS0JMN5,6
BW0UCGC,6
UCNGS07,6
1BBNO5U,6
KZ5QK8L,6
AMP3OIS,6
RBNQ8BP,6
WXALNZ8,6
ZGZFOMR,6
JDYMCNP,6
SAQC778,6
IKP3U85,6
RGOPMDW,6
WZ5C8UT,6
J022O8Q,6
I4NRNOR,6
C037QQY,6
0MNHURF,6
E013DX6,6
JZZUTBM,6
9BB0288,6
GWF1Z6A,6
932SV3B,6
1CYCMGO,6
T1R19W7,6
0T3QQR6,6
95JY2S5,6
AE7D692,6
5Q5VUE0,6
XD82QQ0,6
YWLN6QA,6
JIK8RIO,6
H6EPJT3,6
4U0S5TM,6
4T61DB0,6
I0BBXA5,6
KQCV6CL,6
POJQDNI,6
1XMSDTB,6
AIFTMW4,6
R3QQSEZ,6
MPKB228,6
RY8RHI4,6
AANP76U,6
2S5R7R3,6
RU0OCFS,6
OHLJ8F7,6
KA5CZU2,6
72TKJD1,6
GNIVG8R,6
7JW6JBX,6
4KZ14M6,6
2YRXC1F,6
VL06Z0Q,6
7IF1AIP,6
T092W6X,6
VC69SUY,6
GD3SE2S,6
RXA5UMS,6
SB5Q9M4,6
Z7Y8ESU,6
V3ZNYOL,6
VH2B05I,6
ZQZYK38,6
HDK6NWJ,6
3TCQQJ2,6
SP8T2HB,6
GTAIUUF,6
288YMVM,6
DTX7BGF,6
E9YOO97,6
0VUGU6J,6
LCQA80P,6
JKOV77Z,6
YB51PVW,6
2CCBTJG,6
IAXS2VA,6
YL7OVYQ,6
T62FD3B,6
OILE1PR,6
EFR21XN,6
0MOWCA4,6
72VKQF4,6
B0T9X92,6
OHPN0HA,6
H3IQVEF,6
A41KXMN,6
DU9A0O7,6
JCG4YKM,6
D3VS9S4,6
267HTZV,6
BPXY6XZ,6
1M1D13O,6
VC1L8KG,6
KBXD0PP,6
2SRWO3M,6
H8WPD80,6
HFEKCKN,6
L875RY8,6
I6XYESB,6
0FSJ3QB,6
K4GHBJO,6
H6LSJD5,6
WN56CPN,6
TWNNFXS,6
CL1EKOF,6
Z05M0Y2,6
VJQGQEI,6
P0IUH5E,6
4UFTCCS,6
M4J18B0,6
MUBKJNI,6
M9I2Q8L,6
QPX3YFA,6
SW5QXF8,6
A8Y482U,6
UBI5TLL,6
27983UP,6
2P1NVYS,6
CQGFO0M,6
U2NYYTH,6
E7X42IH,6
3302VW9,6
Z2TQMM2,6
CSAS3PD,6
T3XV5L3,6
C3Y0YHS,6
KK25CHR,6
X6VOY8N,6
55NUNJC,6
8N7L5XU,6
H1U8SHC,6
R9JZGYK,6
J1KI1SD,6
617FG00,6
YKKR5UH,6
P29KA5G,6
OBQIEYZ,6
CSBYHDA,6
PTR8AMA,6
GP9XP65,6
0UWGSYF,6
AUELBL4,6
5JV4WD1,6
VCKF8QY,6
AD1EG4B,6
WFIXNB1,6
GUWYEKL,6
5B0G8YR,6
UPKG85O,6
07UFPTH,6
XFHKR24,6
OAUMEON,6
F7ZVZCL,6
5RMWP9W,6
J8FBC71,6
N14D7WC,6
83KI2NN,6
XBMUT8K,6
4FH58AY,6
MHK4P3L,6
8D8TK1O,6
VZHY60E,6
VTEZW00,6
VXUTUFT,6
2TL7AF0,6
J6DO4UZ,6
FEHF6Q6,6
HFNXLL0,6
NOTCJG3,6
24RC4TU,6
QNM5WRL,6
2MWWIZ8,6
4NWNYOU,6
6WBIRVK,6
UAUYSDM,6
EXL73RJ,6
B0FKUD8,6
FE4JS2B,6
JFXU071,6
B5HPE8I,6
Q8W9250,6
5CGX1U4,6
52NMDSZ,6
BCCSLCO,6
H4M4XLI,6
X0PAMV1,6
52I8BHF,6
K40LDDX,6
SCMR7D4,6
DUF8ZD3,6
SGEBHL0,6
6RG20H2,6
JCK8S3T,6
IGII9YK,6
KUZDJ6D,6
98JTNRH,6
IJWNOSS,6
5K9CFYG,6
X2KBAOV,6
XHYMS8W,6
YJ3S2FO,6
3525P5G,6
PIEZVPL,6
796AXV9,6
WWZYAAI,6
Y9QFHC2,6
OXMPYTY,6
ATERJFC,6
3Z17C04,6
N2EEQ70,6
A74HEDE,6
LUK82M8,6
D142K1K,6
VR189RA,6
U5LBLFV,6
JHGWTAY,6
BJ1GYQY,6
D3EBR0H,6
GZEO5GT,5
KIEG0YR,5
6BZXHAS,5
3QDTY60,5
MC09GSI,5
64BW9V9,5
1KKVIRA,5
G5PNDZ2,5
T9IMYJW,5
SU4HA6B,5
VAL8DZF,5
NKNLBIY,5
EHMZYEZ,5
CIWZ44O,5
I597P0R,5
ECZ2ZKO,5
ZYQG6LI,5
X02QLTM,5
AYH21IY,5
6JC7KG2,5
P44Y3NM,5
L97AYBP,5
DN35ISA,5
K156LS9,5
8DR1L6J,5
P0TBO4B,5
D8PTMXP,5
722TRGW,5
K0OE7V2,5
XFZR94J,5
VN9FNCR,5
AN8E38K,5
OW85IKS,5
A1GH0I4,5
0MYKTEK,5
3JT7L2V,5
D1CUMM9,5
3SG4I86,5
WODLIYK,5
3AOU6IU,5
371HBW1,5
0XDWPNM,5
T8PYY3V,5
BN09YTP,5
SKNRT8R,5
UGDOI0F,5
7AGAJR2,5
6BQ11HD,5
BAS7FQT,5
3X53W2Y,5
VLAQ2VM,5
HZ19W2P,5
2U2112K,5
ISYABWR,5
WDUG6L2,5
6FOUVQ0,5
VWFL3KE,5
0Y8A9UT,5
8MOLIHP,5
Z3IC62E,5
BV1H5VJ,5
RZGNAEI,5
9F0H4CC,5
0DWWTTW,5
7V6ZMSG,5
VX3KM9Y,5
81QJDMU,5
LPJ5GTW,5
EKSZUGM,5
367KXAE,5
HOS65AW,5
KLW5AS2,5
BW6YAYK,5
CB4SAMV,5
IKCO2G0,5
X8VHFEH,5
YBKIQZF,5
YLXZVUK,5
1VWBFKI,5
VBPXTDR,5
FJWZAAR,5
6SYI6H0,5
BBCD6ZV,5
2QNFTZG,5
ZD6GHGS,5
4U66JYT,5
C1G8MXT,5
EKWCCSM,5
HF7TYYZ,5
GISLLHS,5
ZZR7XVG,5
EH5A6US,6
JFFQHFS,5
RZUFJDZ,5
4XBVREM,5
0DEMQA2,5
IEBVO57,6
MEK0XEU,5
HIEFV0W,5
OTEV33Y,5
SFUB87D,5
U1LZF9P,5
LJAIB0S,5
4YOYXIJ,5
XZWE0VX,5
KXPR33T,5
B5FTZ19,5
X2BMTZ4,5
SXD4WRT,5
XMB06SM,5
YT6E93Y,5
Z5BG7TN,5
DEFOYSY,5
D31KEEA,5
S061J3P,5
MZXJBFM,5
7TBQDLU,5
W4ANPV9,5
QMBHRVM,5
PZI60VO,5
XPUSBD1,5
HGQWMML,5
A3KMJK2,5
FI122NT,5
1K080L5,5
6U368RR,5
FS0QSXG,5
F7YGMLI,5
LNES2QP,5
SU6L8K4,5
E9XPKZR,5
1JP9U99,5
CP725AK,5
HBIOK5P,5
15ABWRR,5
WWC0EGT,5
Y8FSD2E,5
07XCBAZ,5
L766LVD,5
26UWUV8,5
JRZL62Z,5
RSB1HDJ,5
Y1VWAH8,5
D0RFWE8,5
L06Y77I,5
MY2HRWL,5
A6YYP9K,5
13O8Q1B,5
NHCMEIV,5
598Y9GM,5
QLSR4M2,6
V4JEZV0,5
ZG1LNJO,5
D3CAACN,6
Y090VSU,5
8IT2W1Y,5
8QF8RR0,5
C5VTBDZ,5
70G45DX,5
Z5J3DI9,5
3R4J6DE,5
Y0T1JOR,5
HVIK4IS,6
DCC12UM,5
E05F6RU,5
6PKUBMV,5
VP83ZSS,5
1XCWSIO,5
7J852XT,5
GV6EMC3,5
1MEFD6R,5
ZV50PTE,5
Y28SEKW,5
MJKN377,5
U5XV9OY,6
FE81JEC,5
TVXDM8H,5
7LT811R,6
NXVZA63,5
ZR71H1Y,5
ATBU23M,5
XOEVSJG,5
J4IM27U,5
RRE04U0,5
N8QGFVS,5
9O64JXT,5
3LJZ0UW,5
E0A8GBM,5
ATJ1FB2,5
0ZK8TB8,5
6IG1V7D,5
43L6P6Z,5
E9GZ9HA,5
VZ3JQA3,5
ASYUWQV,5
N8BLP6I,5
2JVZ19L,5
X0SUCXN,5
I08VA64,5
3SI6UR2,5
60VXYMX,5
9A0FN4D,5
EVHA81Z,5
UDIF5X0,5
NSUWA76,5
9G1OS4X,5
ZXAG7LV,5
JQX9SBA,5
Q74JQ5M,5
Y1HYU89,5
YC2LJB0,5
5P5V35F,5
JWVSZH4,5
YBXN03E,5
LKKIH8Y,5
FTL4WFH,5
Y3TJC38,5
ABPQ9Y5,6
SKP6OPV,5
EHSSHYS,5
E8496ZP,5
CXMZD15,5
3GTKVZT,5
0WG1HZK,5
7WLDKXF,5
XNQ33CV,5
1VRLE8T,5
PGCEB3X,5
O5VLSNH,5
WMF02LF,5
UUWW1R1,5
7YVCLUC,5
MCETGXF,5
4E9CZMZ,5
UU2WDKR,5
FHNVWMI,5
OCMWYKB,5
493R9DZ,5
PL7NICG,5
KCFKZAG,5
0DLNEQO,5
OF2Z7CU,5
4GDY7SQ,5
LSW3WSR,5
5WZJZ0J,5
UFUFADY,5
D3DLKGC,5
J20R9FR,5
1T9CFIS,5
1KBLTYR,5
GVZXPVM,5
WYKD9B2,5
YIOC1BH,5
4UFRECA,5
98L41WT,5
KBUZNBM,5
K8DO1O3,5
0B4UMWN,5
L82T731,5
LL2P06E,5
QLPUZVU,5
D4VK2LT,5
1IWNRTO,5
V3MJLC8,5
MCX7QVY,5
4GLZSKE,5
SY02IGY,5
79MRU6J,5
DRWGZ6X,5
RSTGIHJ,5
9JVPT9J,5
J64R18W,5
0FIIFYC,5
3CJIMJV,5
G5QXLEH,5
FNGZW84,5
SIY2NNA,5
61363JY,5
C01GXI9,5
ZE9BCSR,5
INOF1IZ,5
EH518ER,5
SPGVQVK,5
6QRKNG8,5
A1UEIWW,5
BJW3JF1,5
NPWNNHS,5
002U0H9,5
YMCMWJ6,5
2J2DWVH,5
MS612I2,5
1GS2V7L,5
6WTOD5A,5
ISDTQJ2,5
JWM1WG4,5
JJ8NAYO,5
HCJETTS,5
TJL92H6,5
RAHHINT,5
0L7OTDA,5
YBCP3EL,5
27YQ3YY,5
9T1P8GV,5
UT0XKXA,5
3B5AAEK,5
LCPJE8O,5
TX9GQ10,5
CVLTL26,5
IYW7D8I,5
FL8Q9Y8,5
RN139OZ,5
121DMS2,5
5OM7DMT,5
HALA646,5
U9JZMUK,5
DQ36PQR,5
HCUMWSU,5
8T0Y530,5
KTGBM4K,5
9UVU26U,5
NYC68HX,5
9TC035E,5
IZH4CFY,5
5BNCN3Q,6
QLS2C52,5
4545WDL,5
DCOW0OC,5
FHW9QK9,5
YKS7HRS,5
0U5QRGB,5
2J8ZA6R,5
LH7D02U,5
08V82S0,5
MXLVXRO,5
1FB06LS,5
8LUL1O3,5
M6O0Y7T,5
TNLRSQS,5
DTKESLZ,5
UQR1WW9,5
YDLRSKL,5
EOOIWGO,5
C3PD5T9,5
341R4ZT,5
EGFBUAC,5
BQFEY2X,5
K0EUY73,5
9AIDHRG,5
ENX8CZZ,5
P58YG1T,5
D8R95KJ,5
KS5DBTW,6
MIPAF9P,5
RYXMJ5C,5
CP0GIY7,5
O6CYLAE,5
09B3KLB,5
Q1MDHMQ,5
HVTJVTC,5
ZWYNXOB,5
F5YP6BB,5
TXVCFT5,5
YAKQA8Q,5
3KZ39JQ,5
8O4F4AQ,5
M17ZPLQ,5
J7O8BAH,5
GKCU0CX,5
M10922I,6
TSP46EV,5
BANSHCA,6
IE8Z2PP,5
PNOP17Q,5
KJ6FCIA,5
LYG8QY6,5
6RP3J2Y,5
PGEKBAL,5
O9HUK1U,5
KSX4P3Y,5
7MUSG2T,5
7ZCQ5ZL,5
SRA3NUM,5
L6LH3KR,5
S8NXOVY,5
3X3P4HF,6
ED3LSNC,5
LG8H043,5
OQ4U091,5
Q6KX2FA,5
Z5SWMR1,6
NGTU1SE,5
TSCUQJH,5
HI1V44B,5
OWNIQXW,5
UN3LE0K,5
M216FGK,5
3SNGAG0,5
KZIWSK4,5
P3R8HYJ,5
D2FC9NS,5
8NZXITD,5
RWJQIO4,5
OOJ9Q3H,5
CLGK7O5,5
DZZTBI4,5
IW8HXM3,5
R5WESN5,5
SXK6A6L,5
O88QNFZ,5
ETRL7K1,5
XUIFHOY,5
PG5YBLJ,5
36P5FY4,5
RQQY6B9,5
L3EFV5R,5
70VT4A2,5
U7L215V,5
Z30WDCC,5
XAMQN2Y,5
NRGE5JY,5
QCOCLSI,5
X93ZCLJ,5
ZMP95S1,5
H84KKAZ,5
D7Q1GAA,5
B02H0R8,5
EP8JLJO,5
HG11OSA,5
HKP4QU8,5
H13OCWZ,5
A0JRZ00,5
14UIQP3,5
FDSA5A4,5
TEWGN1H,5
XAQ32E4,6
78XSEL8,5
ZL0LDNL,5
UBRDR4T,5
SOLI7LX,5
NXO2WOV,5
FVVBWO7,5
8M83ZFB,5
LYDFWWN,5
2G5V9LL,5
PNTHYRU,5
922QO9Q,5
579YJ9X,5
VPKX243,5
AF7MDOE,5
PV1REUO,5
D8XRDR3,5
6J6ZDD2,5
LI6AK3M,5
P1WVX4T,5
2FHRX4Q,5
GWD84GR,5
EBKWKZ1,5
EPEGFDN,5
MUYIM3U,5
JYQ7SKE,5
BVPLNHP,5
5H7KA0C,5
ES2BE16,5
71CAAQG,5
3X5EZQU,5
01LAENG,5
SHZ2BLV,5
DH03F10,5
G952PZ4,5
UPOW5BF,5
3SOVAIX,5
K2VCVVJ,5
KBFXTIK,5
JM3HRI2,5
A8DH3RC,5
RHO23H0,5
24H5M4B,5
OKNPB9P,5
MA5QI9K,5
5EMUP9N,5
GZT5389,5
OL1FS7B,5
OMIJD2Y,5
EI6EXSY,5
6AP2Y45,5
G5YNBGO,5
UMAWZMS,5
UZZ70KB,5
LM2F3X7,5
IYQEW8T,5
MQ2MGMM,5
BC5CUED,5
YLH39ZT,5
H3C4M34,5
VM63OPV,5
06JELIL,5
LGYCBOV,5
JHIJBXD,5
3RTEIIN,5
O519DOQ,5
IRCW02Q,5
W3QTQRW,5
PYQNX87,6
2G1HPYU,5
K9WCGYH,5
N620NAC,5
SM3NIEX,5
2LPOEI3,5
4MNRHJM,5
YYLVY6P,5
2598QZ6,5
EPM8B78,5
02K1AJK,5
5BPP12H,5
AD5KT7S,5
KZ1AKAA,5
Y41DFCI,5
8DIJKU0,5
PN7G2TK,5
UUT2UH5,5
N4K7CBK,5
TWF3ZO7,5
J8KNHG8,5
BUU055D,5
OVJG760,5
8ZZ6QLU,5
HP9NAIF,5
XNMSY0X,5
0JP29SK,5
J7DEHMY,5
70TY0KB,5
D27M0NP,5
MFTLR4Y,5
IRM0AGS,5
QCZ1W15,5
UWCB7HA,5
JZ02F32,6
8NN3E5H,6
FINP9A0,5
BDIU6TH,5
SZA8GVI,5
V6P8CNG,5
V9J9TAI,5
B3A66XD,5
RGW65F4,5
5PJCQ4X,5
KQUN2OS,5
9RNYXJT,5
2LFKQAJ,5
0S7BSAO,5
5FYRQXX,5
BXRNE10,5
686MB06,5
CFSEWFD,5
5SPCR7X,5
VLLDY4G,5
20W8A4V,5
Q4BJWY8,5
OK2VVKM,5
GYT34TU,5
UA5CWLT,5
FRFZA26,5
L6MR0C3,5
U2EQYUD,5
U1NT1WH,5
DR51FLW,5
UV1XBQ0,5
12VOJKK,5
UV3PGX7,5
TNWFCZS,5
A946IOM,5
JZHAM1L,5
A9B0O6O,5
XU2Q889,5
37NVAIG,5
CV1GJRO,5
7XT4R44,5
WYK2QME,5
CRDLH3S,6
AK4ZOUL,5
3FA6GYU,5
TPRUQUZ,5
CNW25T1,5
C0C00F6,5
LS7UBGO,5
EY98019,5
W3MO4RK,5
3XBN55P,5
2U9M7XW,5
5TI25QY,5
0T4D1FZ,5
DHO45RY,5
51KMVDD,5
VXDPL23,5
ZMUJDU5,5
DNDGASK,5
KJK0WWN,5
SX1EU3C,5
BR8U3EP,5
HIFQK0H,5
PK6FWP0,5
TBYS3FA,5
PO4NCNE,6
8GOP2JP,6
7AFGW7J,5
68JTX0C,5
AM8QD5Y,5
UAEFMK3,5
92L8H98,5
OGY80NQ,5
2D88XFB,5
L9JDZ95,5
POHY0IW,5
AAXAB0L,5
KTOCUE8,5
ATOJEAE,5
MD8KZDX,5
WA6TJND,5
1TLVOUV,5
XR1OFXB,5
TAKX4ZL,5
VIC3ENX,5
CJ7QZ3F,5
GH5V39E,5
TTWQ9R4,5
YUM6FZN,5
UUKP8P1,5
5ZD3G0X,5
VESUKJ5,5
EOZHXP1,5
7ELYT57,5
1SOGUMI,5
JSK80IW,5
A5YTTK7,5
E8I04GI,5
AUGCSGD,5
M7F6SVX,5
9ZTJB1L,5
S5CIJKY,5
P83S08R,5
KHOI9XJ,5
S0ZAYLV,5
64LJB66,5
R3WXZSY,5
1N66PDW,5
BLOAZEV,5
FOHRNL3,5
2QSOO5E,5
YN41QHZ,5
VHW8RMH,5
YM3IC4D,5
24U5HWM,5
J8NPGDI,5
U5JD3DQ,5
I40QFXY,5
HHEY4RG,5
LJDMCXO,5
1SEMK5R,5
GDQDSCK,5
V439U35,5
MKGOZ55,5
9CHT2JO,5
3DI11EM,5
7PGJVC7,5
EVZ9D2Q,5
B7UY4EA,5
SOAKV8J,5
4974XDO,5
RDU2X1O,5
YEESCGZ,5
ERYAH6Q,5
625QVYS,5
9KHXSCQ,5
Q3RU5H1,5
V8NQDPL,5
DABNTX3,5
WAOZUU7,5
CCBPV0J,5
XQ5YVN0,5
I6IUDG3,5
J0O0WZB,5
Y0VNH5C,5
WTK6EZ3,5
Y4R4P45,5
I789QDB,5
EJFZTYL,5
GYCREEA,5
GR6SUFT,5
UK0N8KR,5
1Q8PXS4,5
J1ITWWP,5
VO81EBK,5
TSB0TIS,5
KO3KG9A,5
M9WHBTL,5
OSSDRGL,5
6TVBE81,5
S95X8VG,5
NJDIYMY,5
5RQU1ZZ,5
VF76CE7,5
WXDE7SI,5
FG7DJSR,5
I5VL3YV,5
UPEQI23,5
039N1LF,5
IMO02Z3,5
DOM5Z38,5
A4KROWU,5
VHZ3R0L,5
7EXM569,5
D4GCXC5,5
139EQLU,5
4LUKLCN,5
AZTWJ19,5
QW1ADUD,5
LKL70RG,5
PNHNOGW,5
7XCSQOR,5
611EU78,5
5HISWGS,5
JZIMAB2,5
9O1ICB3,5
3F2L2CT,5
X09I4HL,5
ZH4E30X,5
U4W3A91,5
BKSY53F,5
OTA9P5F,5
C1ZDRCC,5
S9EBN70,5
2VWLP89,5
2CDIU83,5
PZ2AW22,5
9O89WBD,5
CZH4JLW,5
DCQELZQ,5
TAE4EU9,5
90BH6F9,5
4WGNLHI,5
F4MRZ7Z,5
4263DYP,5
DLAWQHO,5
NKBRCXO,5
2QVOY4F,5
F79I698,5
50BAMGH,5
65ZQ87O,5
QQUN49F,5
NBV2ILG,5
EK84O3Q,5
83QSO9X,5
QJSQVA4,5
FWFK42L,5
5PFH7GF,5
MLM1Q21,5
6O0OKJI,5
9IIS73B,5
FGS344P,5
3PAD59P,5
PSL7RIO,5
QNVUIBD,5
ADSMDDC,5
1RQ5N9U,5
3U3XUX7,5
9IDZA2I,5
IV6IOXD,5
C0YF839,5
SPU0T26,5
X0S75X8,5
N8IWC6E,5
9NGYN5L,5
0W7V1AQ,5
EKRYBHI,5
7JX0NCV,5
5AT92N4,5
KEIQMFU,5
98TR1QT,5
HCRKN69,5
0RLNL09,5
Q1TFX1Y,5
KAMTYWZ,5
7E3J4RE,5
EVU1TK9,5
NFIOAOR,5
5Q1W0D5,5
2W9QPJH,5
XBIQKH5,5
O2076RB,5
5D5M6VH,5
U86I0Y1,5
M0OMGC2,5
EW87WE1,5
SBE8V5D,5
92BT359,5
O4BOH3I,5
ZO608TS,5
J8ABP11,5
RI5O4NR,5
0N96CZ7,5
S2KZTRM,5
LE5MNDG,5
GCIJOHK,5
IGTQIX9,5
XNB6YTF,5
K41YTUL,5
Q9LC93M,5
9YX2BR1,5
QJT78GC,5
6KYY04O,5
MXATQZH,5
ZH6DUJ6,5
92MFBXS,5
7JSAWN9,5
QWQJWEZ,5
WQPGKKA,5
W4RQJ16,5
XM8S6P9,5
L4GFX2I,5
IABTZGX,5
EOXJDEY,5
EKV9LVQ,5
VOP0FH8,5
WINT10M,5
LE0PAZX,5
C72836J,5
X7SVBF9,5
J3NCJ69,5
ROK6K77,5
BHJ5LFU,5
LBYJM97,5
BZTSW44,5
3GQSDBZ,5
T6QYPQQ,5
3NJH5PR,5
CU0N4A9,5
2VHAGLF,5
L9WRXZA,5
3UERMZE,5
WWXI0LG,5
HVR7EQ7,5
JUHUU3K,5
PIQWGUP,5
FVIFCT3,5
I7RPSC3,5
1OSSFWO,5
J1M2NAG,5
7ZGFVZB,5
XDVFF38,5
FK6YBK9,5
8SW8SYC,5
1MSGHTA,5
2QB9HBU,5
S6YU2TN,5
ZDGN2KP,5
WLCR9WS,5
N6IR0S2,5
3NLTKZY,5
2Q6M0VY,5
IT25FMG,5
RJI1B1X,5
JKTIGC8,5
YJPEK0A,5
S2R4O4F,5
K2JMVXO,5
GF804YX,5
4VRUP3M,5
IYKISTY,5
OM1QJTJ,5
Z9W8DJA,5
80DTYLO,5
9SQ1JI7,5
WJIOQJF,5
73Q0QH2,5
8AQRN2T,5
MECT526,5
JPGN5PM,5
R6LH2T1,5
VKDP0SB,5
5P9KGLR,5
X9LNCNK,5
NIRFKKZ,5
OJYKO9L,5
ZCHCWNH,5
CMMSASI,5
G4X6IHB,5
L9P2BYK,5
M3YT5O9,5
MGHER14,5
CT53LX6,5
9LF8MHB,5
PBTTJFI,5
ES3G4JU,5
BM5ZFSM,5
CAE1K1J,5
OVLDI7G,5
97JDT1H,5
CNP47J9,5
0XOXJBU,5
AMSOR6E,5
WDOFWV3,5
XVI7PEP,5
8N3BWDJ,5
C4B2W9H,5
8R299OL,5
HV1OMRT,5
SBUKCFP,5
GSFO8M0,5
S2DUD2A,5
LOQKY0C,5
AJBIOKG,5
CZ4FLM9,5
9UAPWVP,5
N3TTEBZ,5
62TPW8A,5
KKM3Z6J,5
L845PNZ,5
IT1Q9BE,5
7PRK72V,5
TM9JOZK,5
34WJ5VV,5
8AHR0XG,5
9V4G2NH,5
V23JWNX,5
PA106NQ,5
ZBMIMN3,5
0U65J9K,5
4P66M2H,5
S1HOLRF,5
E5LCAGX,5
OMO97JH,5
EA0IX9J,5
YLAN7HT,5
Y0GQ01C,5
H6LCPFY,5
8CQDNV5,5
F3KM11N,5
Q5ODNGQ,5
R1XH9VC,5
TQUMOAY,5
NYD2U0V,5
Y6J6RAS,5
1ORDUJ9,5
CJI3FQN,5
SF4KNYV,5
V8WNQEK,5
MU7WW1R,5
A7Z7T3E,5
WVZPEKN,5
KMNN8LQ,5
9VA31S3,5
HIQPIE7,5
3PCEY5M,5
0JFMYFP,5
MGHK58Y,5
TZSMY2W,5
DU4N5AW,5
JRFCAVR,5
GN3CZRX,5
YTGQ6KJ,5
PVM0NVV,5
2W5G36A,5
LPWXGLV,5
Y7CBWGN,5
4HOB8BV,5
21K5D3E,5
QWYM3QU,5
412C919,5
1UDHKWL,5
T93BQ3B,5
L8B14KX,5
PLMC7SW,5
EHTRYEF,5
4ZZNX7S,5
4EI7BPW,5
WLLN2PF,4
F6NQDXN,4
MRJWF8G,4
6CB7FH7,4
5HH0KJE,4
GLN10QZ,4
BVRN2N8,4
SNXA12B,4
BVPXEZ5,4
8VFBO8M,4
K89MGAM,4
LLVY6PU,4
XGAHLTV,4
9QE5B9H,4
8P0CUKP,4
A709KS5,4
L4OW7EO,4
DQTJKLA,4
CAFPOM1,4
STM8VIQ,4
PJH0XAO,4
PDG7ARN,4
3ISHL8J,4
5AFO6YL,4
1WFR30Q,4
48IX93N,4
UL8AYK2,4
VLRU3AN,4
BII1DSI,4
E8K6BV0,4
Q3A684X,4
B7UEXLV,4
08HEAJB,4
4YAOL4L,4
SIFDWI0,4
Q2L0A66,4
ALCJVAT,4
LSHHMWU,4
4O3YXOL,4
Q5IYA3C,4
CQAJY9G,4
M84HDLS,4
Z8KIG9A,4
IE96GT2,4
SK56NJW,4
O2VQHV2,4
1JHY5PM,4
9GWNVWI,4
T0WDUJB,4
9TSWSRR,4
WX7E7LS,4
QKV9DEA,4
NKIRB3N,4
NFDXWDF,4
A4MOSNP,4
UF6XOVZ,4
G4M0T6H,4
LH8Z8L1,4
JT49ZLO,4
LFE691L,4
GRG3Z3U,4
FC87O81,4
C6MXBOU,4
YA305CE,4
388L72K,4
FK0ETOR,4
QQWSCNB,4
9YFI5D9,4
LIKSNXJ,4
CPACXA6,4
GF2CKXW,4
3OPBLPJ,4
94Y0FDW,4
YCNGH4Z,4
LQXIQYK,4
VXP7J7Y,4
2D3CSP6,5
LGF0E5C,4
MOK3WKH,4
T6311S3,4
SHBQR54,4
AMGEJVC,4
UDVJBUI,4
RHOVNOE,4
3MKPL79,4
PPJ3QBA,4
0I93ST0,4
ASHLI8J,4
X9TPU10,4
IFBK5LG,4
A9ED2CG,4
G4JJW3G,4
410HT1A,4
DWHI5X9,4
Q7PI8OQ,4
FOGODG3,4
LTNXVBH,4
WYFDM1E,4
N1ZWE5L,4
SLSN0D4,4
KGWP9MC,4
TO3XVPB,4
0Y6JIQ9,4
MGF1E1E,4
MQA7PJZ,4
TRA6L7R,4
EE5P0V0,4
Y6IQGD6,4
IOJ37FO,4
X094QV3,4
KVZ9TVZ,4
CTCDQHM,4
BEM7AM7,4
KU1L8PN,4
OPU1PXA,4
58E02MO,4
JVFKW4O,4
CQZLSKG,4
MBU2NGX,4
WUH08FH,4
ANITXG1,4
GIUWHFO,4
JSHBEZD,4
VPZ30Q1,4
LN1ISZW,4
IDLP0GE,4
U9HRKNL,4
8G6JOAX,4
8RSR6O1,4
VS7JRZ5,4
YVX5YP6,5
ASX3C6S,4
7949GQP,4
QAFBTGH,4
6QPSSQH,4
RG7RLU5,4
UZWI19U,4
HC044BM,4
79S7G9X,4
9H1UVGM,4
CXJN5B5,4
M6YIUM7,4
F908QTV,4
39F59LO,4
YEGGWK1,4
PVNS5BR,4
L54UHBF,4
C2XH44C,4
LBQK8HT,4
AVQBQOC,4
LXKQAQZ,4
GTZOE8H,4
PDAZMP7,5
DSXMY7M,4
0TG9YMJ,4
GROBXUL,4
XCBNT1L,4
MB88K6D,4
NCV73LG,4
JPSMUFB,5
EIL3IDQ,4
CM3K5QC,4
MGMKFGT,4
X9SNNO5,4
ZTCB8WE,4
P37FTTV,4
JTRAFCX,4
YAC1AH8,4
FKPJIUC,4
QT7MB0G,4
N0JNWAR,4
M3WRYDD,4
LDTD292,4
96JOIEZ,4
93A2R8G,4
FEQD83D,4
IMH79N0,4
PD692UF,4
G6WCP28,4
QBZA4S9,4
XPEICRY,4
4HEXN6J,4
EKXNOXP,4
QSMCIYZ,4
SXPKIBW,4
SY0GB6K,4
FB0GNFK,4
UBVNNR2,4
9S5DR0O,4
A2VNJMM,4
J58HUJG,4
HBTSKLT,4
XSAVADK,4
8532J7K,4
DK8OIOD,4
Y54VBG5,4
8M8CHLS,4
ZDEEG6J,4
UX6KBYR,4
5DI5VPH,4
I6E9GDL,4
9NARVEM,4
SYQA58X,4
JDG6YRZ,4
LTEX4RD,4
KF7XCNQ,4
AHD0J09,4
WDFQNSL,4
HW9XLUN,4
E6NGFIS,4
CEGWHWL,4
87PILJG,4
0BSZD9L,4
3HC75OS,4
B6FHRWU,4
BRY1YV1,5
9VVME17,4
NTA2T4F,4
8HSPYUT,4
K4Z8M0F,4
DE2BGLO,4
B4287QV,4
FOX9968,4
2IE36J9,4
9WVW2YN,5
0XUJKM3,4
CFXOJ3A,4
A27YYJZ,4
NRQP7C1,4
F2XQL53,4
6D0HHO2,4
ZB4BKBL,4
6IOTVFJ,4
NSE06AE,4
9HGXR5W,4
64E7VEE,4
CQSCU9Q,4
MNDWS0D,4
WBS15EN,4
9HSH6Q0,4
SHCH2KS,4
YA9RCL5,4
ZBKF4BV,4
0GA37HM,4
WIX9MV8,4
0AXHVSS,4
3PTVCXU,4
34HQTSC,4
WSVKV9J,4
DQ96FS2,4
GSEPKFM,4
GW8N0E6,4
4PCJ03V,4
O4OK3LC,4
4LVXPVU,4
SG6USJ2,4
HB9VV8C,5
DAG5ZCW,4
5I72M62,4
MFWV0XR,4
ATJXJL4,4
B0AVBOO,5
725C6RM,4
8AH0QSF,4
WGBIXZ7,4
IWX90QK,4
YPQVRXM,4
SRQLVWG,4
7XXLD83,4
C6R7ZAL,4
NNAOSU4,4
RVAFTNB,4
2NEM2L0,4
5H9QMLP,5
9S9U34Q,4
035L3L0,4
22M51OF,4
1C0AQHF,4
UM98OQ2,4
VAEOBI3,4
J63BDY5,4
5F0XUUJ,4
ALIQ7LQ,4
RWAYETA,4
8RVVETC,4
Q3IH11V,4
EWDL4KL,4
PBD0LOQ,4
N2OCUWV,4
FNLBO8R,4
QGU0HPX,4
N8C87Q8,4
YGG25U2,4
XSBUYDB,4
91S4R1R,4
F4EAZ66,4
3NV4BLE,4
82NKTMF,4
5RB0RQ2,4
8SQIHNT,4
ID0O18P,4
0MMPHEJ,4
UPOH2XN,4
3MD2G3W,4
NVWV19X,4
0Y33LQW,4
UH3KIMO,4
8CXYPBH,4
GBCIBTG,4
8EA3R6T,4
30SI739,4
SA7ZMNB,4
PNMOJ2I,4
GZT5414,4
DV37PMO,4
YI3FIYP,4
8E9H40I,4
0IFF7EN,4
LB3CSVE,4
1TZNPLG,4
DY6M17U,4
UAMFR6F,4
NBTDUQV,4
X5IBK5U,4
XUG4J0N,4
Q64WSTS,5
QFLQ6S3,4
7GO0OVI,4
3KH1YI8,4
X4QJ4UQ,4
KEMYM6L,4
HAA2UD0,4
EAA1QSR,4
FPXFBAC,4
F9Q6MSG,4
FUVPCKT,4
0XZM94F,4
3KJAU8S,4
PKJJ4C5,4
T7ZDN8I,4
LG3NGMO,4
QRR00N3,4
VYQ6H7K,4
4XOGT9J,4
6JSFXLT,4
SF4UDO3,4
LBHY2XD,4
JT8VG1D,4
85APERP,4
7PZ08TX,4
XTWEAHF,4
7DUWJ4U,4
W6XQ14H,4
C6W2M2H,4
AG7M2WO,4
KHZH8ES,4
YXKQLN1,4
4J0O6IU,4
9PRPS44,4
608DCR4,4
ROUXFO3,4
BZQ3VQ1,4
GK1IVRL,4
WN93OJ9,4
85XG4JW,4
E0P3MKG,4
THFS8GR,4
VM2AOFE,4
LU4B7OG,4
NG4Y293,4
B0NV32F,4
DJBH3UU,4
XHHDP70,4
BMX3JSS,4
4QUVAM8,4
QJUUIRF,4
ZMSVR0D,4
R25IFP4,4
TFRDYJK,4
QV70YK3,4
P3MKVHT,4
NF739IE,4
JBHZSOD,4
D4LRUCC,4
LFLTI0X,4
KQVQQC1,4
YYY4ZZW,4
B4LGG7A,4
OQUEUWZ,4
KYBEATH,4
C4WVY6P,4
476YXWG,4
XBPUG71,4
H4S059T,4
00ICGWM,4
VNF9L5B,4
X6HNXKY,4
IJ5I7MD,4
AR7W37R,4
Y0QOTXV,4
Q27MQ6Y,4
JKHF06G,4
4C447EF,4
YSC470Z,4
Z7JPG2T,4
A2AGRPB,4
D0V3DD2,4
6MSI23Z,4
N3FAWWR,4
Q3V5P4O,4
WO5DHJW,4
2IALMBE,4
GSKVJ96,4
LD0AL4W,4
U7J8PSN,4
QTRQN3K,4
AZSHFIW,4
PW23KST,4
EVONYFA,4
4S5MCY5,4
X0L2O4Z,4
VNN3DJY,4
US0015E,4
R9VCDL1,4
0MLFXSN,4
BPEJ7XK,4
JPI6W0Y,4
EIYTXD3,4
SRU6COA,4
OAXJKYU,4
6C7L904,4
O8DG2D4,4
Z7UE87T,4
YWUD4WU,4
83FNK2R,4
7N30QD1,4
FD54GQ2,4
E0EBP44,4
F4DABKW,4
W498GHY,4
POXYVF4,4
3WTPYO7,4
QLGRSD5,4
K3CHVCJ,4
V0CYVHI,4
ENPYO7E,4
6JUKIV8,4
ML74MXO,4
Z5CGJGN,4
13FULGQ,4
VM8REUD,4
IOTSOOV,4
SF2G6DV,4
G8KE9AR,4
5IWBH7X,4
BESH400,4
L1F957E,4
C6K0CHR,4
BUSZDCE,4
NX28KPC,4
WJTY4ZD,4
O4TSA4X,4
SUWJB2H,4
D49MIIN,4
FXKUG9I,4
RCCJYBM,4
NR6VHLI,4
JSJCVA3,4
M14NTAX,4
4G193QH,4
PSPYANV,4
W9F2ZFY,4
XIQMTWL,4
ZL5G61G,4
JM96LAL,4
KG7TZGX,4
240EZSU,4
7VZFDO8,4
SZ3WMPI,4
6RHSSNY,4
D3XMR5N,4
L81X9NH,4
KKHAY7F,4
NU5DS0U,4
0WCJ38L,4
HWBNFIZ,4
E8J5YFV,4
US6RUG8,4
DWY22JJ,4
R3NXD4C,4
O634EWY,4
8ZCCJWB,4
VSKT2NH,4
LNGKW50,4
NFQOQL4,4
TM8FW3L,4
L6LZM5Q,4
JQPH1KK,4
XXP9CH4,4
AS0DORJ,4
O2ZY7UJ,4
JBVS59O,4
LUC1YQF,4
ZJLZFGS,4
5D7KE1V,4
6UAJGKX,4
4BQ46VV,4
QS84874,4
NKXJQCZ,4
D8P16K6,4
VVH12KZ,4
OM0VU6A,4
QL2Z31U,4
R8K6EJ6,4
V312KZD,4
0UOYALS,4
8MGE3WT,4
9TJ6NY8,4
4NV72HK,4
Z02CVWB,4
0XHG5LH,4
ZIYWF20,4
HAAVQ9W,4
XE4YJXH,4
ARP86K5,4
5USBASI,4
EAA3Q8M,4
XL9LRY5,4
KJAC20B,4
3W84EST,4
YKSLCEB,4
7DD3G4D,4
V7EOV64,4
O9VRTY3,4
E3TWYDO,4
4TXGWUM,4
JZAQM1S,4
LPELIX1,4
TV1E0SE,4
F9N2BM8,4
SJXRCHA,4
7ZXA0PG,4
S6MCH5D,4
5SVASWG,4
Z8JT38P,4
1AWB0O9,4
ZROHURP,4
5X3Z0W2,4
91DDJVR,4
3KXPKGZ,4
0P3SRT2,4
7VMNTMS,4
FY8EAYY,4
JYFG7AA,4
Z55SDNU,4
VEUDBEH,4
13FKY1U,4
6T26IAR,4
7YGIITS,4
4EDSP84,4
ERGY61H,4
EY1NTH1,4
KMC2RO2,4
UAXKGCJ,4
6TE4XGE,4
8682BMO,4
GQJC55X,4
C70Q2I2,4
MV0HR75,4
ZHBLIUB,4
2HND52T,4
L731PD5,4
5QCBHKL,4
863O9OW,4
43674QG,4
F1B1CFU,4
2DXDOUD,4
S2PQWHU,4
J6J5H8V,4
JRHF0H4,4
P16HN6M,4
RUF85NB,4
MQZ1CY2,4
3D985KN,4
9CDYT7J,4
6SB9JI4,4
OQRG34I,4
CB6SGVM,4
QSS1ZDB,4
DWXR8IR,4
XYM4CVM,4
APW8W3P,4
3ZMGGMN,4
8TAQ1HA,4
02HDWE6,4
FD94SFV,4
IQGGZ9O,4
7HTSBVX,4
Z5QQU6E,4
G65UJY5,4
7G0NDZP,4
0B9KFJR,4
T5KGPXO,4
VEJ7H79,4
M098AIO,4
APG1PSC,4
2NBM5M6,4
IUCJ98C,4
WYMJ74Q,4
H0J1DII,4
AA252WN,4
86PGVEY,4
NVUXCXF,4
FFFUXXA,4
8R0XMDO,4
DYYA82W,4
MTNWU7L,4
4XWUM0H,4
9BPXTBS,4
4Y3IEQE,4
QDZ7RFQ,4
6RQYK1E,4
HUVJG9O,4
F2BUHBA,4
IBTD03Q,4
ZGCYYNG,4
RHCVNU0,4
IQSPOBH,4
19ENYGM,4
3LBLWZC,4
7IL802A,4
FBHVYX7,4
NRS2ESF,4
YQ7H9LM,4
RHRI5MX,4
BXBRWF4,4
WS7CFGF,4
PYI9ZX7,4
GIGJFG0,4
S8A2522,4
6JULUAY,4
EKKEJ6Z,4
4BFQX3K,4
ABRDPT9,4
V6AMLSC,4
M85VO5Z,4
HJY2OFL,4
KZF7K58,4
121JYEG,4
GJQZ506,4
BJQC1VA,4
GP0L5E8,4
5Z1EP1U,4
GGCRFSV,4
DB53K1O,4
GHOEFOW,4
E9D15KO,4
YX3M4TA,4
6461V3Y,4
H79FFNX,4
12021VN,4
IXN1CI8,4
TZVP9XI,4
6CDQEH2,4
2OLEX6M,4
3MM5739,4
P2JZGY7,4
EVW3S7H,4
P9VEUGF,4
P3H69YP,4
5OAAYUE,4
7L57V8V,4
0E9UIPL,4
SWR6I85,4
KD7548F,4
PCKPAA3,4
K1WR8B1,4
TAJG4MJ,4
YS4EXEX,4
7B4L86I,4
T80WH1K,4
YHPQ3PR,4
78LKHTQ,4
EKRHU9E,4
L5FYAP9,4
DTVEGM1,4
JBGEQ20,4
7BUSFDD,4
628X6EX,4
XYYSA5G,4
0HVLPR0,4
LUA6FZL,4
8X9INOF,4
SRR6CSW,4
BIUW4OM,4
G1AJYBQ,4
4L0V9GY,4
EDL84KK,4
55MH5PF,4
Z8V0RHV,4
VEGAFO7,4
DMI5SJN,4
WEAKDYG,4
JFEL561,4
KQPRBN0,4
HJD8CE3,4
FIEVD3Q,4
GF9IES7,4
QSQKMPW,4
DFH672I,4
0W29HFG,4
5WSYLJY,4
JKBD0O7,4
CYBGLQC,4
AX2Y6Z5,4
BYBKTW5,4
CKIQX6E,4
BKABO1L,4
J97BT7F,4
QY9LV90,4
WW20B08,4
5C67LSG,4
D58BT3H,4
46I2K43,4
R7ZY7EJ,4
5EFZP5N,4
AQUIJZC,4
CKFRX81,4
GU1XH28,4
KM2QF1I,4
RV2GTO3,4
KP95N5O,4
EQ1BJ02,4
3ZJR53W,4
801J6CA,4
T2D0EC9,4
1EOBO07,4
2AUG0J6,4
K9MUMWY,4
VX06NV3,4
YHJ7N7F,4
JU9ZS0A,4
0IGRDRO,4
6TJXAGV,4
E3BB0RX,4
QEIFO1P,4
NQ97XKN,4
SNJ4MV2,4
3ULQNTC,4
FTLW7F7,4
BF85682,4
G4TUTFT,4
EOMEA03,4
RZ7S0G6,4
FYXAZPT,4
AZV9D3M,4
OB3RQHI,4
BW3M33K,4
XCL6K92,4
MYGZEPW,4
AOANG46,4
H6OLAXE,4
QLY71F9,4
6O5CZHM,4
O61813E,4
LZ74GKO,4
NBMIIV8,4
HYHUPHT,4
W1C428U,4
QI4EWNF,4
BWLHPCE,4
VIWZS63,4
2AKXTB4,4
5WCX8GK,4
X4H5BCL,4
WJVP07N,4
QN2K0F6,4
FGZV4D8,4
Z2EOCEM,4
6M5V4I0,4
PN12WG7,4
EFDQFF9,4
CQJ9M87,4
8SU37ZQ,4
0GSFBU4,4
OGPEOJ8,4
859SN9C,4
SQMLWSZ,4
JG4NUXP,4
4CWFVET,4
5JCCTNI,4
4NUZRDS,4
FUKPD9B,4
5SAVC94,4
6BCWVR8,4
YDDW109,4
O73X361,4
O3H48E3,4
Z9YJ5NZ,4
5VGXRI6,4
KMQFMB7,4
BFX4UQP,4
4DVVM0R,4
LWRWIUY,4
CKP06BI,4
BCEYVK9,4
6CZE6Q6,4
JK9Q0CB,4
ULXA8L6,4
L8SNIU9,4
UMRJWM5,4
OP8BTE2,4
54ILMEG,4
CTACDND,4
DJ3OMDE,4
TAVNKEM,4
RG8JBGJ,4
0S3J5DW,4
YJ3QANC,4
CA1FBAR,4
THPJMZ4,4
YRJNPHO,4
NOVS8M9,4
A4Q4GH6,4
0Q6O20F,4
XG0OFTB,4
OO3STOX,4
76DPEJ8,4
5GO1I0F,4
W7NSK3S,4
4PNS97S,4
Q8VTPKM,4
MTIT5P2,4
DIIRFA3,4
RIAZSGA,4
MTUSQWA,4
UBYLVH1,4
CDQIK5E,4
018O5YY,4
AXDKTTX,4
YLEDV7K,4
OIIXYEI,4
FETU0WK,4
WDS2CYX,4
HZP3NS5,4
CN6JSWN,4
OCH14N3,4
0RRI0BR,4
21IHGQT,4
KNL6CE0,4
YGOXZ69,4
0BCG7JB,4
NYSJWAL,4
5WEXOC8,4
704MJQM,4
QTWLF5P,4
R1ZKN9N,4
JJX63OH,4
P5S3ZKM,4
38EHZ3G,4
V9KUQJO,4
XNH1Q0M,4
WCY0AVE,4
JNRVVUZ,4
CNGJKPN,4
04RDRZR,4
IO8GVAB,4
U80LX4I,4
UK89QQN,4
IL9Z30W,4
H5ZWDYN,4
0Q624J3,4
97EGLDV,4
QS5ZMG0,4
UPUR7MQ,4
1KSEQLC,4
YCFQJ9T,4
UTMMMCX,4
D4APFAI,4
ES3GWKM,4
YTEMXZS,4
M62SRKN,4
UP758T6,4
9WAYE21,4
FS6AKLC,4
HWNUEJZ,4
DS51M7D,4
WK8CD8P,4
L1WQMDO,4
1PLHMTO,4
MH0S9KX,4
F24Q8UV,4
UT7YJ36,4
HX6MNWR,4
MIAHVVW,4
P0YLW53,4
K5J1AMA,4
VVCAWEP,4
USGUNDM,4
2DWRJW3,4
10WJMMQ,4
ECV95JW,4
ZBNP36W,4
MQCXW8K,4
GLUU4FR,4
3FUIN30,4
DVBR5V9,4
PN88YIU,4
I2GBR49,4
CNTRHOR,4
V67RS1P,4
IPYHDVJ,4
KCZNJNN,4
E1NSZ9I,4
T7VZQVK,4
V9YIMTC,4
JZQZULP,4
J55FQDH,4
EH699M4,4
973LKF1,4
DPHGZ4Y,4
Q1IPYOF,4
2HQWMCB,4
VTKYI1V,4
2YN6ME1,4
1XG7UP5,4
ELO7LZ1,4
T0IBRRW,4
H8C113T,4
8V7KMJB,4
R5FWWBF,4
V89OQEL,4
R03UG99,4
419GBLA,4
SHJ46G3,4
O8X0MCL,4
I5NKKUW,4
HSZ4M2I,4
RTMQQUT,4
PQRM546,4
VNN3LS3,4
3E1G64A,4
CKY7WEN,4
H5HZHQ0,4
MGOZL2Q,4
ZCMIDIQ,4
BT36ZQ5,4
GQAAE99,4
YSW7DC0,4
VFI9ICC,4
TZ0ZXJB,4
521CA54,4
MNTPR1P,4
HIK96VC,4
C14DV46,4
4R3SW0K,4
ZYZGY6A,4
8XOQTXO,4
V729FNG,4
H4VS450,4
IFGROKT,4
975MJ1A,4
RVYFTZQ,4
2SKUCCS,4
U9SV67Z,4
YMD73TK,4
A2PJNIX,4
9EDJCQW,4
B111W13,4
29JFSF9,4
T9HJFDG,4
ULMZD1E,4
GNY79YT,4
1HCADOY,4
OFS539H,4
2J4SZD0,4
JAHB4ET,4
YD7UEJP,4
0LCL5JZ,4
XPD15U1,4
6MPCVMN,4
QD9CQ3J,4
E5J9RQ7,4
79B29TB,4
SL1OTME,4
6P3Q7E9,4
8RG257J,4
7JNW5UM,4
UVAJV78,4
MP97JLA,4
KZ8WOWW,4
HNVRJFK,4
0T2BQLD,4
8ERPNLK,4
FWKRNN9,4
Z0DHNJK,4
IFCVXY0,4
RQY23CZ,4
LW8TYGX,4
SCPVRKK,4
FLYDONA,4
EUK5KSI,4
HCJHSSB,4
2ERZILL,4
V9T29G9,4
4CGW6IQ,4
DP93LF5,4
YDDTMAX,4
P8QVSJK,4
4I01H43,4
FCL5EY1,4
D3CJYXW,4
UW22QOK,4
FO101KR,4
9S85SJY,4
IXTSNXD,4
V5UOHWJ,4
EZGEM5P,4
BRM1VD0,4
KLX61OX,4
1NZXMPH,4
BUVSOJK,4
HGAO1ZR,4
AQAOWS8,4
7SB94QV,4
P6Z5M1H,4
QGK3XEC,4
QJS2W5R,4
ZEF0TIB,4
6F83GF8,4
BV1MS03,4
8MNLJ9Y,4
OFHI8YR,4
VR2KA6Y,4
HK7UZSG,4
UXIO1WM,4
ZXAFFQ8,4
VUK93KF,4
ISLK8G9,4
V4TPX5E,4
LV4LZRS,4
04522TE,4
YYNSGS6,4
ZXK52GU,4
2KSSMNN,4
NCOP9XJ,4
Q9IL76A,4
30QBTJ4,4
1XH2H0Q,4
4GFCCX2,4
1YZPPIE,4
XT4LOOW,4
MO9LWT8,4
Y17OIOJ,4
WCT05DO,4
L5JXDKM,4
ISGL1XI,4
V1PRGT1,4
JBUSKQX,4
HO8EHHO,4
03N19DF,4
Q0J39D0,4
QEG6Q2F,4
XCRFWR5,4
PP99JNS,4
Z1AXGH7,4
RUJZYC2,4
47R74ZK,4
ERKQ8GB,4
N7TD9FY,4
4GPQW1C,4
74P2EOS,4
G2MKRZT,4
PG5A8KX,4
PCDGQS1,4
L6LI269,4
WNWDW1R,4
SEYOAG6,4
GLWJHDT,4
3GQCNL5,4
PQT2NQA,4
HO1MCQE,4
I1IK8NQ,4
512ZCVX,4
E95EHCK,4
31KSTPG,4
RV154SV,4
WBUZEAM,4
YQ84VCO,4
QEXEOYE,4
FQTZ4JD,4
OPKFI9O,4
EAHL4Z1,4
53F63OQ,4
D9859KC,4
2PDFV8P,4
EV4EG6R,4
DLRIJUG,4
0ZIH6KP,4
DZHOM91,4
8RU6N9C,4
RKXHVFP,4
TOE6K74,4
UN1GAVK,4
UHPQD3A,4
3EZS2WP,4
5OM9M4R,4
XZ6HLZQ,4
QL1OSLT,4
KHMRG5S,4
583PV0E,4
P3BR0CE,4
M1AAO9K,4
894M7UB,4
FBENP9B,4
QRW34UN,4
ISUF177,4
BER7CV7,4
H4MA6X9,4
7Z8GBJC,4
C7QGGEV,4
59W88SV,4
KEYIKNV,4
4Q04IDI,4
IL43SKW,4
JXKWJWU,4
Q5V2PG2,4
GG3T2V7,4
WL2WS45,4
AGYMW3S,4
QJTPGQ0,4
IG0QY1B,4
2MN2TOI,4
WJMPUTM,4
FK7FL80,4
WQMVNBV,4
GMJXDT5,4
9AWEN10,4
FYY5AGK,4
R5UEDT0,4
ISX96G8,4
U0XJGJK,4
ONNWB5A,4
NZ4LO7O,4
KI8DOB9,4
EVAMD2G,4
R5RE2ZY,3
3T9385F,3
7H81U7F,3
TLB1QT7,3
K5BMTOU,3
7N4IZI5,3
YQETU2C,3
HCZBV2N,3
OXJAEDT,3
HTEETYS,3
H6P5B4C,3
2DR6AZH,3
XY97Z5Y,3
PG264KC,3
6HF7DW8,3
EOVPZV6,3
P50RNUN,3
56E72CU,3
PYES84H,3
DKEPN86,3
MRF0XAU,3
8XU2ZUF,3
Q1AZ1Y8,3
VZ5GNGA,3
DX7WROP,3
BWUPWS2,3
HXCXDX2,3
T5K8EYZ,3
3GOW1PB,3
P2QN5NK,3
SXOQDLV,3
YIID107,3
MKPD8BF,3
V4FNAUS,3
1OY3M00,3
ARPKSWQ,3
LIJV6E6,3
60946CE,3
E4F2Z4B,4
41JGTEM,3
LHLM2UF,3
M7V4EOY,3
1AVIWS8,3
ZRVZO0G,3
VEVPKEI,3
0ID9L0G,4
1REG5AX,3
R79TT0O,3
TTYT58M,4
TO83ZMB,3
97W607W,3
U3HUUXH,3
N7L9RP5,3
EPAOOH8,3
9AS8VNL,3
ZDYDPHY,3
EROVN39,3
DQHNFR5,3
IJXQHVK,3
HXSGC41,3
7CJI3N3,3
ERUTAGF,3
3VM8I1L,3
KVEPXJQ,3
1YNM267,3
4QEW0ZU,3
KUCRBZX,3
PQTDT0V,3
WWTVWUR,3
BS3KQMR,3
I07I9U2,3
6G7US00,3
EYKH0CT,3
G9CH89J,3
N1RM5UX,3
URD1EEJ,3
128CXK1,3
3F51ZAV,3
RWI2886,3
MVO2EDL,3
RSILVDH,3
MFUDNJ0,3
PEU5F28,3
0Q07WB9,3
TID42G8,3
1IH0AER,3
KTIVC97,3
VFMQLSC,3
ZH33U24,3
2TSRLYC,3
BRIVYK6,3
44SLXID,3
M1Z0MKH,3
F8IWDC2,3
0I9AY9X,3
PYM99U2,4
VZ0MH1B,3
0ABR124,3
QD5Q4KM,3
0J83XBF,3
C17LMSN,3
6V0SWNU,3
CLIKY0O,3
WAIHJLT,3
D6NL1IO,3
1QLO2ZJ,3
NQ7HZCC,3
311KNAH,3
R70TZXH,3
1CJYJHS,3
LXTP23R,3
CTQ2IHT,3
Z3JEI7O,3
0LUUAJP,3
TC36V56,3
5H9AP14,3
21JRL9S,3
X9IP6E8,3
CHBBIT3,3
2LPDY37,3
V894NVW,3
BX5KIBA,3
6ZA431D,3
NL2FEDJ,3
C601BBQ,3
BMYFI11,3
FAE2S83,3
P275VZ8,3
XNDV5XC,3
T104ZBU,3
XHWWDQ1,3
JACK5EF,3
4SSORTH,3
OQ5ZELE,3
4WLO2FO,3
BM8N0PS,3
CQLXI7H,3
AGJPXU3,3
WFIXBR1,3
R4Q1KO2,3
H68RK2E,3
JQHKFCR,3
U01WVPD,3
LNAT3TK,3
CIS83Q6,3
MEOQFND,3
BH31IPQ,3
GHJIEGR,3
VZC8PJS,3
MW3LZJQ,3
AKY1P76,3
P0K91WC,3
RVW0ZN3,3
P8O07L8,3
8I8RPDC,3
6UN9U56,3
ETJQSFT,3
1Y1HLMC,3
KY2FL9O,3
7O9HVEI,3
FILRJYG,3
74GA2XG,3
MA13I5V,3
K4U1RD6,3
TEI6RUC,3
HM5Q2ZF,3
NAKBYW9,3
7XEZQR9,3
GELG6BB,3
LRUSJRY,3
AST7JBJ,3
WNSX3C4,3
86XDFRJ,3
AHZGL9V,3
AV7F2L3,3
X47SA0Z,4
PR3YYEG,3
RHR4WWT,3
X1L5U98,3
HIVR19D,3
ZG9FIW3,3
G80YOJ5,3
EQH1HTB,3
9622A3S,3
TM9A13J,3
8DVFGKY,3
X68SUGR,3
PDE3ALI,3
Y8K4C9F,3
6181OJ9,3
UKOUGQ9,3
M7HA3OT,3
2FYZOSU,3
CH5S0XG,3
NA1GTWD,3
40RUEHB,3
GLO2PB4,4
7Z19TY2,3
SZJ3E49,3
RZ6PIKM,3
HYR606Y,3
FO93I4T,3
KUR6T6Y,3
UYMFVF5,3
TN1XPSZ,3
JEW77XK,3
4WRXCA9,3
0FNTPOL,3
9RZ24IC,3
8QYDAAL,3
VKO0KUQ,3
0LHEFF5,3
2DGLCH4,3
2GXA9UV,3
06OP602,3
5BT8ASE,3
P8STY6K,3
FCS4RG2,4
3PNDZZI,3
LNE843E,3
0VS80WG,3
SJW3E5A,3
DCCC1NP,3
L5SF2SV,3
0D1FTC0,3
0N2VQ90,3
H2VTD1Y,3
4HPTCMF,3
ATCTWWL,3
WFC2RT8,3
BR5PTFK,3
LFHO33L,3
VELFYF6,3
ORSJVJD,3
0IMFW7C,3
1FFH1I7,3
JCWBBHD,3
5UNSZJ9,3
1XJYJY6,3
MW7KBX0,3
U8YCAMV,3
BI25LCU,3
YYPDH72,3
0GMINMM,3
V9ALLOU,3
ZFLYUWJ,3
YDJELLX,3
XQJ67V9,3
ZULA1MO,3
T1L5K29,3
1KQ5DY4,3
B94E0S1,3
WJ9NIT3,3
KDZDG1B,3
8NXBJ4J,3
YDN6B2B,3
X5QCY3T,3
YVC0JEV,3
XFUR1H2,3
AQ19NC4,3
GWG1YZO,3
ETICGG5,3
BBV5YC4,3
2P3OQUM,3
U4IEHCV,3
D92J6V2,3
S5O9SYM,3
NQI0U2R,3
4ZZSYRY,3
OLTKZWN,3
GA7B4VA,3
IN0XWVH,3
D1IEXJV,3
MO8WDXH,3
PAG743J,3
5YVW091,3
TI9LTVV,3
B8ZSJ9V,3
BC7GMJB,3
U0VCLBQ,3
KFN7CGG,3
TYPW7MB,3
AJY9XLR,3
GMY990U,3
7SH98UN,3
FWB3MXK,3
KAAJYUW,3
CKSVNBS,3
EHTWTVC,3
O65DZR9,3
ZTDS31D,3
M90321G,3
NEAOGRF,3
QEKR14W,3
GY9KJQZ,3
U6VT3VX,3
CZYU1HS,3
CL1EUS2,3
ZMIYEGH,3
OWGSUI1,3
0H7ALW7,3
V4D3IME,3
XP9POEU,3
83779Y6,3
15BVDDQ,3
JSWZ1GI,3
6ZWJPTE,3
84CALPG,3
OYUHZGG,3
R10DP62,3
EHXSLHS,3
KTGSSLM,3
C61OI6I,3
DRNH1S2,3
6RYLDMY,3
2EY06FO,3
T1S1VZ8,3
3OXBTKL,3
L7913TE,3
T2S3IOF,3
K0CBVEP,3
ORZROKD,3
15YBE4B,3
SKE8FK2,3
SBN5U2O,3
PTUXZOO,3
XGR3V0K,3
F8OA39N,3
CNBYW7R,3
7Q8KXBX,3
ZZPYP6P,3
A31ZDZW,3
734EMCU,3
7E5IE1X,3
76JSOR9,3
NYICUQD,3
QPYIGZM,3
IP2E2LF,3
0EISITW,3
2X2WNVD,3
CC6U99M,3
3R9R6UI,3
49XTKQK,3
DA19DZX,3
GFFKW4F,3
OQX68UP,3
2QDL020,3
D8OHOWG,3
30XCT17,3
2ILM4KO,3
ZHS1JXY,3
P4TNZWM,3
6APTJ4B,3
FLKJN5T,3
92K5DRP,3
ALNLTPT,3
5JMR235,3
9LFNQC4,3
2UC5EPM,3
0T0T6NL,3
ARHEM1A,3
KUNIK50,3
E8UZMN8,3
Z2JJ2ZY,3
GMEQWN6,3
KR03WXU,3
EVPF6RU,3
1W5IYTL,3
VC1GL40,3
3FKQKBY,3
49N2Q4W,3
ZVC6Y9X,3
TAH5PFJ,3
Q473ZNO,3
09TS62Z,3
AI7MEU8,3
UV39RTD,3
HTUICWC,3
LV2SOJW,3
UO78Y29,3
DPG830J,3
MF1WUXH,3
40M1UKH,3
Z6ABJ44,3
OB0IURJ,3
UVA9OD6,3
0AYAKD7,3
ZZ4Y3Z7,3
EU18YQ2,3
UECVCP1,3
ZYX9NAS,3
8EQKTI7,3
GIOKXCW,3
MGOWEEU,3
HEESMG6,3
SMIGPJI,3
S6V7E0A,3
12UE43N,3
LUI4BL9,3
2K0VR9T,3
4LMH8G5,3
KMDNZ7U,3
5YT4NKA,3
EL3YE96,3
8NROC0G,3
8KV52EL,3
6KFDDIK,3
JEFRRRM,3
K8ZMUBJ,3
WWOM5MF,3
GMGL4SX,3
DVS9X3T,3
UE6QZ81,3
YT8JHEB,3
G8NLNY9,3
DMIVTI7,3
3UNPOSQ,3
SARNM3C,3
X3DIZ8F,3
0FHL6AV,3
6CMQQGG,3
4H9Z9GT,3
RNA5HWJ,3
TKITZ5F,3
1X0SSD0,3
JNP3PPM,3
6ULHW0O,3
GE9EKUG,3
XY4XWFA,3
TVKWIKU,3
NE03T11,3
9W1CWJW,3
QIACXT8,3
20LMQZ8,3
OJWTMWG,3
NVUAZFH,3
ZMOOSZK,3
O8G8B2B,3
MZSZ9HM,3
8MMDIU5,3
N5K9KHD,3
SALD09G,3
HOIDNGB,3
ZPPYYC5,3
TPVHUTJ,3
YEWTZT0,3
Q1ZKX04,3
ZGS2GRA,3
EZ0BLAU,3
PB9PDTQ,3
LAXTPKL,3
6385NL4,3
2E6F91E,3
K6VYH4H,3
5QHSQMY,3
RBFJW6K,3
PVDL1FE,3
1X1JXZJ,3
0VS0AOL,3
0XD1IJE,3
3VMUZFZ,3
O7P8TR9,3
LQV98RU,3
KMYYYS2,3
Z1OQ9GM,3
1ZZFAJX,3
ZX9JC6S,3
K02WYRC,3
QIFKULA,3
SDC5OG1,3
529ZR7J,3
4KNKKGP,3
XQTHUR7,3
7C7I2HD,3
IF7V184,3
O1OXON8,3
4BW19T3,3
4VGVXUH,3
9BR5MVW,3
N7O91A7,3
CUHOA1Q,3
9CL2G65,3
5Z9ED24,3
BBS64M2,3
CY2ET1V,3
1K5AZ6G,3
Y02UVBW,3
EWKKSAA,3
I8X6IMX,3
PLH1G5W,3
F2YG969,3
MPE6PHI,3
ZM1IX21,3
LNJPP23,3
1KO06JS,3
SWVBXZM,3
AVPNGW1,3
RPC2SEK,3
I4I9KRP,3
HO0D0QB,3
IIFANP2,3
EGEGGIC,3
HE7SRMQ,3
JI33539,3
794GL1Y,3
0HXHFOD,3
0NHVK63,3
5X7BX44,3
M32DL4M,3
O55ON1G,3
W503ULS,3
5W8Z5S1,3
PWILCOV,3
XQU7OMY,3
KD94X1D,3
0HGAX8G,3
X9A4KA5,3
W307R24,3
B7ZJ2JV,3
37Y5K17,3
NJ9DSP1,3
UOC5L0E,3
OE0QGTB,3
LG58ZDC,3
6EUBXUQ,3
9O7Y6A1,3
98N0ARR,3
KLQANSN,3
LD8BQC1,3
BJXSQCY,3
8LE5OY0,3
CXH0U5P,3
1FHQ0WF,3
L6NB2KP,3
OY7XIJZ,3
90218VL,3
DU5H877,3
MSSKHR6,3
NE6TOMQ,3
R61A8GM,3
YK8M7G2,3
D5JDLR9,3
Q8AES7O,3
NZZYEGO,3
OR43DKK,3
HHPZC75,3
ZKGH3KO,3
BJ8IXMD,3
8W12NDW,3
JSDBELS,3
JZEMK6T,3
D34U1HS,3
K9ZGYQK,3
JPHSQ6H,3
1GA2MLY,3
B672I2S,3
NDIAZ0T,3
0UAG4SP,3
WZ90DR5,3
GVOB13G,3
7XBTBJ6,3
AO6XDX0,3
89MRAKY,3
BDB9O3X,3
6IXZ65E,3
6QIIZG8,3
PM2DYKJ,3
QTJA18J,3
HK86LFN,3
0A5LZXC,3
0VA06IS,3
T7PDJ4T,3
I1R6OGD,3
HFJ1SE9,3
22XRGSK,3
B3XD3DW,3
YVO9XOS,3
ZGT50H7,3
5DJOR6G,3
10QLKKD,3
13MLD37,3
U100MM0,3
1CLEUAW,3
AVDJAY5,3
ZT0AMUF,3
4BIWJMY,3
G8RB3BJ,3
OQ9Z18G,3
2G7T8QY,3
7RXD9S2,3
X4TW1E1,3
2508LB5,3
HVBU0WK,3
WRCOS7O,3
3TS5UR4,3
INJH38D,3
7KGR2W3,3
KXH7MNK,3
0D6QS4Y,3
CY7QEEM,3
C23C2UJ,3
6IQQZPV,3
XTGZMQH,3
DOXOCUR,3
5BXL7MP,3
ZLMKKKG,3
SBPJPTH,3
TFCL1BJ,3
5RAMJCM,3
TXRXZ1H,3
2HGZK0N,3
MN07OE6,3
N65Y9ST,3
L6YBF7L,3
Y1QOIA5,3
E4QZPF7,3
4ZZPCIY,3
1UVGREO,3
739QL8U,3
H780ZNU,3
86AGR5K,3
AEN6MKA,3
W34XGGQ,3
NZJXADY,3
ALYVOA9,3
8ZTWRKV,3
HCEP76Q,3
HG2Z0IV,3
QGVFBGW,3
Y6HPFFB,3
P4X7963,3
TVNYTXS,3
Z8RCKC3,3
8LZWGEE,3
I863JFE,3
ITOU0XQ,3
GFHHQ7Q,3
CM7UZPY,3
W2AYDMX,3
TLSABA5,3
J53NWWC,3
I8DCFI3,3
2VWEOR2,3
BDGCA9X,3
POTC0YK,3
WFU8LYP,3
2Z679T2,3
MW160TI,3
XJQO0V8,3
ZHFB4A3,3
KJXDRWX,3
DYF5BVK,3
IWKZSS1,3
WC82B9G,3
7CINM1Y,3
KMYJ4LR,3
TAXRCQH,3
5LMLDTZ,3
D6CKW3N,3
C7I8MK5,3
DCVLQI1,3
JZWRP6O,3
MKZ6U53,3
N6BTXDQ,3
PT8L4U4,3
YQH701P,3
LOR9RY4,3
XV39YBK,3
7CR4XBK,3
Y0Y3UF7,3
5GKL4WG,3
S3GX47E,3
MQFGFZC,3
KXA2L36,3
BWIFCOM,3
Z2LD2BG,3
2EM2KNT,3
8FAUQMH,3
Y5ZZY7O,3
FFCNO7W,3
4F99BFO,3
9DDDBA3,3
0EU89CO,3
YZ6Q7MP,3
3TYYAQE,3
7R68EBQ,3
IKK98HR,3
D6DBAV2,3
W9W0U6Y,3
C86MKLP,3
ZY8SKOY,3
V7ITSIG,3
60NXEMG,3
3QHIE6X,3
5R9UDRO,3
C3K9GV5,3
FRUI8PH,3
C7EYQAG,3
QL7FCW8,3
ISAXGLH,3
EY25ODF,3
RL5Z7NG,3
3C5ZUXK,3
T3TP39Z,3
QYM0U6A,3
2M90N5L,3
Q95TDQC,3
SU61ZR6,3
74L8K11,3
JVBHQ89,3
DHP83FR,3
SNHIC61,3
BB4J9W3,3
DOYDYFA,3
DTSNCG6,3
RNULBWT,3
97U9RMZ,3
T2UABIT,3
936PUWF,3
VAKWUFG,3
B7VX4JO,3
V7IPNRJ,3
DPZALJC,3
KEACGL5,3
YYAKHCY,3
6QFWKMA,3
D9CQ5GT,3
W2OD562,3
9OXLG66,3
ZGU3ONZ,3
8ZVI7QA,3
CAS4CNX,3
FP8RX12,3
84BFCZK,3
4YK41BP,3
575H77H,3
W3CKE0Y,3
7LTWIJ2,3
JPDWNJR,3
7KTWEVE,3
AOMKUH7,3
XY2CR6D,3
R8BHHBG,3
JGEZXLD,3
6DM6AH0,3
R453DW7,3
TMVYEU4,3
LAWTWTV,3
C7MNE5R,3
BJIJBF2,3
5AXPYM6,3
OTI81SB,3
JMQLOSS,3
DZE2QK6,3
OTY58T5,3
7W2QYV9,3
2K83SKC,3
R4EMUO1,3
47PHSYN,3
ESTB0MP,3
DDZEHR2,3
086KSB7,3
49E39ON,3
JDH5ZO4,3
4PDKCOI,3
77ENAOE,3
XQQYK95,3
H2M5ZYK,3
4CJDN0Y,3
Z6GNX9A,3
MGMJUFU,3
8MWIYK8,3
PMPY2MY,3
9D68ZQ8,3
V1J9RQ2,3
2F5WP3V,3
QA9CCQ2,3
YIWV07P,3
1BNFRHK,3
U16URTG,3
AZYOX9L,3
HOGRPPC,3
FV4LPEC,3
QK8BX8S,3
H8EW109,3
NW7QLCO,3
75KX3B3,3
K60BVA9,3
JX7Q9UY,3
SNMPYNE,3
KCWX76U,3
PVZ5XMI,3
YKBVIFV,3
5PB37K0,3
0EAF0X4,3
PP8WU7H,3
RW3QLVA,3
8TB7Z2E,3
GBLKZ6F,3
84XM9P5,3
G7DHLKJ,3
HJ6XND0,3
XXSLJ9C,3
9C2QXFC,3
MG2LYFE,3
PFT5LNI,3
XBCD87C,3
9ASP7GS,3
18KINVI,3
KNQCHQN,3
1VQZAA0,3
EF3Y8KX,3
YZJLTLI,3
F4E7SXS,3
YJ5G188,4
DGAVS88,3
BCOUUE5,3
XB95N0W,3
JO5Q54Z,3
NJM17FW,3
KDBOUEH,3
HPQ5F41,3
QEB1I4W,3
XH3P2LH,3
CUEZM6E,3
SFJDW3H,3
TYV7Y4V,3
74LJP7I,3
42WJJHR,3
2T3CHZ0,3
3SH3PG4,3
EJ76FKL,3
LFO7I30,3
CZ1HUUC,3
4XHIE2H,3
7I7J7CJ,3
MLTEW38,3
Y985H9V,3
82JHRUS,3
P6TVVHW,3
TTOPE39,3
SE6DHLW,3
1JXNIZ6,3
X505G5V,3
UFSL4YS,3
OD9S2QK,3
HU0463T,3
TOMZ4CD,3
DMVM3PX,3
4E2GY01,3
6GH5DM6,3
S8WC92N,4
BNJ9682,3
BX4UHSP,3
K58DEZC,3
CJZKV4V,3
MTEENY6,3
PTY8HJ8,3
YLCWC86,3
AOZS6D1,3
OBKZBY6,3
WYDSELY,3
NRC7FA4,3
IBNWK40,3
07IOKXX,3
TG0INVB,3
DLC8DB2,3
TIW1OXD,3
QAZZMZU,3
A3JXYNF,3
SG69KQC,3
29YVJNO,3
O4ZK3BN,3
S63ELW1,3
0N9C2EX,3
YCK9PNK,3
YSDZZ3P,3
6X7YB3I,3
3M1P1PT,3
6QX1E1U,3
GJ7LWHI,3
S2P1HGA,3
R2JA45S,3
CZNLPWC,3
6NKN2CI,3
91083X5,3
3J71SF0,3
3YRBOXR,3
2WK113M,3
HVDOHXB,3
74HI6UU,3
XDLD7U5,3
UEPK4EW,3
P3SYHZP,3
ES5P1XK,3
5DVRJ7A,3
GITL7TK,3
HOBRA51,3
C7AOQY7,3
VMWNWPL,3
33EJW23,3
ZGVSAWB,3
ANRC0AL,3
XP3935X,3
PB5DQSG,3
2QOM7RG,3
0OBIRHH,3
85Y6JHE,3
JALG8ZL,3
VL89BHZ,3
Q7WLJVZ,3
YOXC1EE,3
NYEZ3Y9,3
4HS52P2,3
CKQS6DR,3
3W7RWSQ,3
ZULWE99,3
DBU79SW,3
XK449JB,3
BHBU1NB,3
KX4GZA8,3
XIAFSNN,3
VAXAC4E,3
9PMLR4A,3
GU7MEFG,3
69MBCVU,3
AUOJ5W6,3
2RS6WNJ,3
GZBZVKI,3
8MUJKYO,3
KO3VG30,3
6K288ZK,3
WMBJX53,3
IV9B9VQ,3
VAX7SBA,3
CRJ99W4,3
ZL9OED7,3
JRCI16P,3
D4ZBAXX,3
JNJPB5J,3
5XQGMXR,3
ODBS4XZ,3
L81A531,3
ZFGMIH7,3
080PUR9,3
LU560EF,3
S4DT3OY,3
SBWYC5M,3
YG3UQE8,3
GL9DGQH,3
9FME10D,3
L5B1FQR,3
E7PTMK2,3
MY72HOH,3
C0F83YD,3
L5WQ9MF,3
0YH76W0,3
DTHVJ99,3
ST3D3XV,3
B9XQOJ6,3
W6NWQY9,3
MUQY0XI,3
9WPF6WZ,3
P0MIJLT,3
OFKOV6T,3
IXDWCE9,3
M884A00,3
906NARR,3
NI2FGPC,3
84IF0E1,3
TBP8KSB,3
AC7UJV5,3
UQBP81T,3
DS58HO6,3
X9D1YX3,3
6HB0TQC,3
KI7V9D4,3
08WYYST,3
FU28TY2,3
QHVWU90,3
LYE0SB2,3
1EO25CA,3
26QGMUJ,3
8HG4CHR,3
UHVBKHI,3
2ACUTQC,3
WH71AZ0,3
EUKISVK,3
F41OHS2,3
8BET7OQ,3
JX07VP7,3
L1UUIO8,3
B55YAK1,3
X1OW3MU,3
08GNM0H,3
PM5O000,3
0CDYCSA,3
CCGEZA3,3
2EX47H1,3
EQK442Q,3
MDCLIFU,3
7C0YICQ,3
XEABV83,3
XA9UVHL,3
Y9K1XXL,3
60VB3HB,3
3LV5Y9J,3
RYMMA4Q,3
4BR8JAQ,3
BHJL308,3
PN0QKFM,3
WTEAK2S,3
KJYB7BU,3
UM7GO4A,2
BQ224V4,3
YBFEKEY,3
DNZ49W4,3
52C4CG4,3
1FDXCUQ,3
581ORWC,3
3BZZJV5,3
F1SZJF9,3
K88AOEK,3
XETWFQ4,3
ORCS7DV,3
LHI5EZ9,3
QZ55U65,3
BVFIUSU,3
LSV5VEQ,3
FX2Z8C7,3
4HG8ZDL,3
D5AN11J,3
9K3SDMA,3
QA5JG3O,3
5M3VMHR,3
1EZVCXR,3
ZAKVCKK,3
HHXIK0H,3
XPVENTQ,3
B62LCRR,3
LR986QA,3
WBXX1O5,3
QXF66FZ,3
5CF58GQ,3
3JO945I,3
UUAVQAM,3
C3XEBU6,3
ZX3KCDR,3
AF6FRCI,3
QL5UG3V,3
TPRDOCU,3
1GN3NW7,3
2FM19D1,3
7SRZFRC,3
PKG70EU,3
KIQC2YS,3
IIQPSJI,3
QDJE9HQ,3
OWC0E4V,3
PHO7PJN,3
QLY9QTT,3
IQW7YFZ,3
FZJ9UQI,3
F1224G6,3
4277APS,3
1PPEW1F,3
9PR0LF5,3
GIKOXDB,3
LJ3CPBU,2
AIK5PF5,3
LF6IBO6,3
UTTGEYV,3
NFAKLCB,3
TZHPGPD,3
L2V3QPU,2
9LQ6TEH,3
A89AFJT,3
30RKQRD,3
KRQZMBD,3
65W3CMQ,3
FXANR50,3
SWP8QS5,3
DCA2VS0,3
U1EM2GX,3
R6OS9JA,3
YWN6OKM,3
UFWOCWI,3
T5SY8J2,3
DWZWRLO,3
8BIH55C,3
ZR624GT,3
AKTOHOB,3
WZH2G1H,2
OVACPL1,3
42Q97GD,3
AD3Z26D,3
TDUNQPS,3
IAMG149,6
R7HLOHD,6
9ZZ3H41,6
CENUB7X,6
OO1TIOK,6
CB2SD9P,7
PMCHWSH,6
RPJDXR4,6
MNL5GCK,2
9ONYJDP,3
G67V9QH,3
27UCHMR,3
B4I61HT,3
0WGG6XI,3
IM1G8SN,3
XPROG32,3
P1XNYUR,2
W6NX4GB,3
6F50R5Q,2
0FEL6IS,3
AMRNGAA,3
WC1CI1P,3
JZQPTJR,3
CTGD7AM,3
9VS8DR5,3
SUWZNM1,3
VQV4TGQ,3
9IVKS4A,3
TMFPUQ9,2
ITD2ZIL,3
P6LA5H0,3
2IUO7R3,3
KBWBNQL,3
X8AUIV5,3
8GHB050,3
IWDNNP2,3
TIKG1IC,3
ZY7FKYL,3
S29UDRY,3
VW8B7WJ,3
FDKD13N,3
8BTTCNC,2
QVMPEZP,3
DFBH2H6,2
CZYOLCF,3
LYAP1OQ,3
V0XC8D1,3
6VLFNDF,2
ME0W9FK,3
HM6059A,3
EQR4YOF,3
Z3YG1A8,3
1AAAZH3,3
O2Q7TU6,2
DZ6VU8X,3
02OA6JZ,3
9NY3DSG,3
KEXG1VS,2
X5JK70W,3
3ZSI8B6,3
OQA6IMF,3
L33JC81,3
Q5YRY5M,3
8VR59EO,3
PHLUX41,3
EDLA41E,3
8EX6N60,3
W2862R9,3
4JWJ6ZM,3
3HAXUF3,3
AQRB71O,3
RX8WVVM,3
JBVGTK4,3
HYQ7Q5F,3
YG8MTCZ,3
EZT07QP,3
4M6VQSL,3
1MAY12R,3
R6HYQVK,3
7XH5UQ6,3
BBE57WT,3
H1DEX8B,3
Y8DDSVD,3
ZR9WJ3I,3
A7V2MTK,3
9WQ44MQ,3
BBYDSNN,3
8HSBC6A,3
4ZISVAF,3
T301NLN,3
2UEAPTQ,3
OYPALMH,3
EB3NV5U,3
6E6S7YD,3
IV1ERWT,2
1T75MOL,3
KQWQ8SZ,3
QEIAL2Y,3
2WDG8FV,3
SFIXL5H,3
XUJXGWM,3
71IA3EU,3
V1OR15Y,3
BFRBLH5,3
EN8SVY3,3
T16LZBW,3
92SLCJ6,3
Z6UWBMS,3
JJ3TQMU,3
YBGEEZK,2
YVOHEX8,3
5OM9OVL,3
VL2U7XB,3
KQC55IA,3
V1THNUF,3
IEDD305,3
T91MSVL,3
46DVR1X,3
K8BJKIV,3
J65JT47,3
QNEW1DA,3
68Q7W1B,3
UOPALIS,3
MECOS4F,3
1O09K07,3
ZD9W064,3
X8HCNHZ,3
V8NOSOI,2
ICLJ1TI,3
9C9LZHT,3
9C3EEXP,3
CMV28P0,3
39BOHU8,3
VGC8YIW,3
KQE0G9I,3
GRI61BS,3
D5R0H8T,3
V1PMOY5,3
Y53T4KH,3
JFFPXI7,3
2N0DG70,3
V68XHFJ,3
12IU756,3
X1UG0VN,3
VMNTIEK,3
8VXSK7H,2
9AV23QG,3
DJL8AO7,3
F9DB83D,3
MPTGI8X,3
RIBCP25,3
D40ZJY3,3
DSVOMKC,3
9K8FDWM,3
UO11JL2,3
0LM3VKW,3
8UPC6X3,3
BSHBFP0,3
GLXP8X5,3
3NWLOP8,3
LFREMCD,3
LIYEQ25,3
Z6UQ8IB,2
5L4XYSL,3
VYDME58,2
16K1NOO,3
VCG92J1,3
BB113LL,3
5CX102A,3
QO3A35D,3
H2FB124,3
SNODWC6,3
6PEXQ3O,3
BZPQRSC,3
K2JSRJ8,3
I4W8PRT,3
K393RQ2,2
SKHLVS9,3
59OPVR2,3
6CCU1XB,3
HG58DDA,3
9F2UN56,3
3DJMD4C,3
Q4ZNMA0,3
5EKQ58J,3
MHK5NCC,3
RGNZE7W,3
1THCI6A,2
7QZM74O,3
NMX7Y1O,3
YYBAY25,3
I5D4GPH,3
P5ERBKL,3
G9I4RPK,3
F1EUL6C,2
IXR1A2N,3
O9O8SYP,2
SIW17BT,2
R5T4YKY,2
F5TSFNX,2
85J4R1D,2
90RVRJF,2
E8ULAL0,2
JBU01YH,2
X69D3A4,2
KUVYK70,2
BCVZGX6,2
2UD04LS,2
CCEFKP9,2
GY5P9NU,2
0BEWUQX,2
IU6R67B,2
AXZPYV6,2
IUPEB19,2
3EC1IUE,2
O412D64,2
ZZSJX8B,2
G7B8UQX,2
X84BHER,2
2OL69T6,2
KNT07ZP,2
1JYG96D,2
W8ZUEG1,2
4WYM6N8,2
Z8YANVE,2
FQPX9XY,2
UHW9D8M,2
L80BGDZ,3
E4KSQ4G,2
MPHDN40,2
D9DZEWR,3
ZYP13U9,2
J5XXW7E,2
65762LB,2
I8NHTMM,2
I3XPGKD,2
KVF5B9Y,2
CQWLL8M,3
E0W1K2X,2
OV5D6L2,2
HZE7EBJ,2
E4W0ZPJ,2
NNS2DHP,2
70LYE86,2
0KZ3REP,3
D8BUHN5,2
Z1SZSAF,2
5ENZTOK,2
6CXNAU5,2
E1OBHF8,2
VLR3M8U,2
6PDSRU8,2
23JT5U5,2
PPEK6YY,2
23BZ4IK,3
E78S8X8,3
GUEBRPJ,2
BAR8FXW,2
033FUED,2
SXRVCN2,2
1XCBB6K,2
GCBFL1C,2
CJGOEV8,2
U3ZRFWC,2
6XQOQKR,2
DXMYS6F,2
5DPQ0JQ,2
2UM122W,2
R96E800,2
MW9JEIH,2
DWRDSWV,2
SJEQ47P,2
0XX2FJ4,2
7FNOJ3E,2
V5OZWMP,2
TPYWGPP,2
Z187PYJ,2
MWXVR94,2
SV4QLUM,2
GI5FCV4,2
2C848RH,2
C330BS0,2
RS4UQQ2,2
KPWXB9I,2
WW8XA8X,2
D8BPWVC,2
CWDL6ST,2
NY1832L,2
U6MX49F,2
F853FIS,2
GM983YB,2
EFUQAYG,2
YFI97HJ,2
TXVI29Y,2
7OSYYD4,2
29LZ1VO,2
VTHUFHL,2
19TC76P,2
SIXXBJQ,2
GOSA4U7,2
HGM7Z42,2
G05T9VI,2
V6SAJRR,2
WC98L3N,2
7PML1IG,3
KWHQLK9,2
GXGC1UG,2
BOMG42P,2
C5APCV4,2
WUL51YM,2
3QC26SQ,2
Y5FESJ0,2
GNXGUF7,3
8U48E35,2
WQ5E0RD,2
VYTEUHB,2
B7E3G8T,2
KXPI016,2
GBXTEQ5,2
5FAQLFU,2
59BNT1L,2
7U4723S,2
O9XQJFG,2
B0APP54,2
E85674G,2
NEP5JGM,2
XYPQ0KW,2
HIAQKIE,2
Z45EHZL,2
ENEMZN6,2
CFIYYY6,2
O7BCASV,2
A6NQDN0,2
B9G2S3N,2
RO6WRCT,2
FWC175T,3
8B2TA9I,2
HD8HQNI,2
S6523UD,2
M7J36GF,2
YBLE3I6,2
DV71QDV,3
9F8QD70,2
5DU89P9,2
YI4RT9I,2
3D279HZ,2
SLE2TDC,2
3ZSILCO,2
TA8NJY1,2
DO52TRU,2
KKCVMM1,2
N0627QB,3
KOH70ZV,2
ST490ZN,2
TOIJH1N,2
NITIY8P,2
D9BSIX0,2
1E1I4OT,2
2I11CRA,2
XTPRFVN,3
XJKLNW9,2
F7V63RX,2
NML8K1E,2
VHTJY3H,2
71W5JTE,2
2P7A4A7,2
QVNZ4L0,2
QOW4J48,2
SRQ2J7F,2
BNZ2BXN,2
PQ1VCGC,2
S1CB53D,2
DCSLTIK,2
NTTI1WE,2
TB8EFYA,2
5T9KD3D,2
9JSO3O4,2
FZIKP5W,2
N7KBQTZ,2
S40L5XS,2
8JQN21Q,2
B3PO099,2
JKBY6H2,2
8RN9PPN,2
BE5VBGL,2
SIPRVXL,2
8NAURJF,2
OSEH8KC,3
HX6LUVL,2
SZFVYT6,2
DEDY3ID,2
YZBJA7H,2
UO9K6JJ,2
RONCC38,2
BM5ZUMS,2
GGP5S6E,2
BCXLI5M,2
15RC9K7,2
52RS4JS,2
12HR39V,2
7I9LCJ1,2
KZJ1C5H,2
WJ1JRPZ,2
WV9ZE8R,2
MQDHDNS,2
UQM5MXW,2
W1AND5R,2
0O39S09,3
DA7OLBM,2
PT2TKAI,2
5YYV0C8,2
RM9FOC9,2
O7CE3TG,2
6IKKL4Q,2
WGNWZ0Z,3
M381V4N,2
9GR0NFE,2
5D0FU72,2
GTXMBZV,2
1PD5EXQ,2
TE1QXO6,2
IC4YB24,2
3AB1SG6,2
OIT3HCY,2
05W1U95,2
PJYC2XY,2
W1JQGKN,2
EW85P2C,2
3B4YTNV,2
A5FB09E,2
SM5F7CI,2
A01ANUK,2
QBZ4SY5,2
ATK4FZH,2
NU6P417,2
M6L9GS0,2
O4C1N2L,2
9HVWG7G,2
PKXPQOF,2
A4WJ1IK,2
FMTJVTC,2
F8CMFVY,2
B6BU6CS,2
5NQM37F,2
9PO3XJU,2
9TS3N17,3
PJOVATG,2
0KWR1Z6,2
LSAUVHH,2
4EXRHUP,2
YKCHHVW,2
O4QT4K9,2
9592D3J,2
IIQ7QDP,2
IS4T2RZ,2
Y84RZ9K,2
AH1KOAL,2
P7OO66V,2
0D3EZ3T,2
BNXE26F,2
60197Q9,2
MA3HTN5,2
KBNCWOQ,2
0YTL146,2
YJ8M3X3,2
Q6T8HEF,2
6XWZJKR,2
VDA5RZP,3
R5MDC4H,2
3QSNOWV,2
JW9BGBS,2
XGOYX6G,2
9Y619Z5,2
FPAUG5Y,2
5XM9BXD,3
2CWJ4NH,2
Z1HT3HS,2
H8468PO,2
DGAE6O1,2
B1JAKH1,2
5D672BX,2
0HINVQV,2
BDZK9FD,2
C0LQ190,2
MABQKPD,2
BHZ1SUV,2
81D7ZXB,2
0UUJCMD,2
02C26PY,2
G5NSIX3,2
ZMK5IRN,2
5QISKOT,2
AAKYVQE,2
4C537DO,2
11NGEOT,2
GZMVX3J,2
3VDGPLF,2
TY6V0YL,2
ZGSOAJM,2
YNLQ12W,2
5FGOLMV,2
U4BB9CL,2
IOQ70HH,2
YZ49K4P,2
Y9I0QFI,2
DOTHIYT,2
NGPUWSD,2
30RZZNU,2
E6ZENVS,2
JPWMA2F,2
H22TW0Z,2
4GKSZIL,2
ENLF9K3,2
P7TB9JM,2
7OJKMZF,2
H770GVC,2
WJPKTZV,2
59NEMTR,2
BWLQU48,2
RD3SVT7,2
R0AAMZZ,2
6IRVSK7,2
SPB3KEV,2
8MC8WAG,2
93FKN7K,2
XZPHLEJ,2
L7EV2D5,2
YP4PLT3,2
I4STX9B,2
P1P6SY8,2
G3NI57G,2
UHSO2WH,2
7OB58CU,2
KOO0CAY,2
NFXQMHE,2
KYMJ00G,2
WKHAYDZ,2
TDUGUAV,2
1YQOERW,2
41KZ4UH,2
TO8F1UP,2
ENZSIT6,2
GMOKQM8,2
M3IDTWH,2
F1Q8TAY,2
FHP3WQW,2
2XPW3LV,2
P43OV71,2
3PMVJVK,2
T0WNQ6W,2
TA0PPGA,2
AI6DCWH,2
TN9Y93U,2
QBJFSX8,2
ULFDODV,2
U46MFEX,2
XO1Q4TR,2
53Z4GAA,2
B0CVAK1,2
MDKBBSD,2
HWRGTLW,2
QCFZCFU,2
D1RMQI2,2
8KKCYZ3,2
VZDJXPF,2
AT3U50X,2
DD2M8BM,2
Z28OSDB,2
3K45K1X,2
5X8HQQ5,2
BUCBUV6,2
XG6HTL7,2
2EST66K,2
DD92CKC,2
R27O613,2
MIQGHWE,2
LETN4UK,2
TJIYD1T,2
OTISUDX,2
R1O2K3J,2
VN66QQ2,2
A4CEKCP,2
T4O1EQW,2
TV1QN4I,2
67L2QGD,2
CFIF0M9,2
EPYC2DS,2
U2589XY,2
HTXL2DO,2
RS6DTM5,2
6BFP2ZR,2
KDDJMSD,2
7BKSC7E,2
6AUZPZ1,2
S9F9J2X,2
F7Y8Z2G,2
1QBSMUT,2
SVCAPYL,2
SRUWUZZ,2
919U2QJ,2
04H8FEQ,2
46QXDUV,2
U8M3EW5,2
5J0JC7X,2
4OUQO1K,2
LCNZ96L,2
1B6PKXB,2
7U32CZ1,2
F9A1HGP,2
UWFDXDW,2
G6WAGNO,2
7E7Q149,2
O4PLV31,2
E3HIQWV,2
53B9OG3,2
9AVBEK6,2
DNI0HOL,2
8H4AYQX,2
AT2FJRK,2
R0O6SMO,2
2RHEP2T,2
ZR7BUPH,2
343RU7G,2
4TATKB7,2
KNOUU0U,2
HWIXO2S,2
XD5YNK1,2
IM8QLRK,2
VZ6CTHA,2
93EU5Y4,2
DGMCVGN,2
0CR3EHV,2
DN55EFE,2
6QMFMCN,2
8NRZNXR,2
8G25P61,2
SPAWVT2,2
60E2H96,2
DNET4XI,2
TVMLP5U,2
A4GNZ5J,2
4GMC6JL,2
A44U46R,2
RANOM9Q,2
NSSCW0K,2
U68URKP,2
FVD93R6,2
XFTX8EC,2
6NVG3KP,2
QSWLLPV,2
L01QQLE,2
HP410PV,2
9A2P4V6,2
1REDGVU,2
9RE1ZEP,2
SBT6BZQ,2
9THT6OL,2
6F203IK,2
M9UCU5B,2
P9KYKVA,2
JO8N4RF,2
D14B129,2
2N7IY3Y,2
8LN5QK1,2
MIXY6P1,2
UF5WU86,2
TMW2T3O,2
WSRVYD3,2
QY6VQ6T,2
5GZDS3T,2
W0LF3S3,2
FC0CGH5,2
9OKD596,2
KIVEWXV,2
996L102,2
Q2TSRDZ,2
XTZPPRW,2
5A31LVD,2
FJ67Y5Y,2
WUOL7YM,2
R5MVKQ4,2
VHQ2CZ3,2
0GKFPHK,2
PZVMG4W,2
2S7G7MM,2
0J0DO3R,2
DXT8IYU,2
A0LHZ77,2
6GXYONZ,2
BSL8X9S,2
7NDPXD8,2
PJLK4C0,2
SI0B1VU,2
9VLC33C,2
5GIO43I,2
MPN78GG,2
OE8O0G8,2
R9V8ASK,2
DBNQ2HV,2
PZMLV9G,2
W5IGHZN,2
1Q1V1SL,2
CKC3YVV,2
HTPCPCQ,2
9BPMMIQ,2
01PNMBH,2
LX65RTZ,2
73MZUUB,2
MCFW1GY,2
SUUGSEM,2
VQ3BF8U,2
JUQRA7C,2
R51QCUZ,2
4J58HDF,2
62NRNIJ,2
ORFR32X,2
M8R6XCS,2
R1JKK1N,2
QUP71YX,2
KJ76AN7,2
GLEHUWQ,2
VKILHPV,2
4Q5EKOL,2
LW54CJB,2
Y68Y9YU,2
YCB15C3,2
3GMOPFF,2
IIHCU49,2
4DFUTP6,2
SXAPQ37,2
S3CCB0W,2
ZKHIGTU,2
525F1W0,2
I7KUBY2,2
2JJ4N7A,2
YPWRH6U,2
ZHZXVXQ,2
LR97BBG,2
BZRJVP7,2
3YRMSUC,2
850OTCZ,2
SS0B3LO,2
4W1B00V,2
BBFA6QX,2
6CS7OLA,2
VM2D998,2
IOLRT8F,2
3I2RZT2,2
HBSYKDA,2
JQGBRSQ,2
4RN2G4Z,2
UBC7T2N,2
5BUUXH8,2
VAVJRPV,2
L0DWOU4,2
2NUBGTH,2
A2QM5QI,2
AZBEVSG,2
V8DQZTM,2
15FOYPL,2
JUW0N46,2
7SXMYQG,2
A1VXDIW,2
BLRXJ6H,2
F7SEXTQ,2
3WYBEHV,2
Z3NYOII,2
NDK4RYX,2
AAOBSCM,2
5NV04H5,2
JYPOOHO,2
3EIJMDD,2
WNKQCQP,2
E3REPDV,2
R5NW1AZ,2
ER861NL,2
DMREONW,2
LJ1VC56,2
B45QEHX,2
L00FRIV,2
6T81JDA,2
GKA1RFI,2
GT4KFAX,2
TA4OYBS,2
4V9TX6O,2
F41KLOE,2
JY5PDWE,2
5U9H3OO,2
6SO9IDH,2
GNNKA7O,2
XGUNEUE,2
4BWWW8G,2
17U795Q,2
SXKZ8W3,2
A2VCADM,2
ZKRSRKF,2
ZQLOIVK,2
7R4IY45,2
DJECLQH,2
3NMODE2,2
DHPK2P5,2
T26D1MF,2
X8KMLBW,2
SG23VI0,2
LWZ0JMQ,2
2PE93SV,2
9MEZPR3,2
J4AIISA,2
DXYZS4Q,2
5SESY50,2
9V9H27N,2
4BMVM1J,2
E7C48KH,2
8UAC7DK,2
4066RB9,2
K11NAFH,2
SLK6EPG,2
IBBNGZH,2
8V77QJJ,2
DV9O2X5,2
XSIT139,2
T1IYOQJ,2
GAU3YD6,2
B798DPY,2
UCQTUVL,2
K4OWM1H,2
9ZYG02X,2
9X916OM,2
GLM2LDZ,2
MZEG2OC,2
7Y2DTYN,2
UCWY0DY,2
0FM1WZ9,2
5CULSGL,2
JJUTM1Q,2
W6G4AN0,2
BBXUOE3,2
45R1OXZ,2
TOPJH50,2
A7IWK1H,2
AM0GAZA,2
KK592HY,2
QMU9GTH,2
YW608VF,2
THXBSPK,2
3X52VXU,2
QOE5FW5,2
1EG4IUH,2
TE47BHZ,2
F58TSSH,2
7D58FGF,2
EXUC0WT,2
YIDOTRF,2
D925RYI,2
YUVLHTK,2
FWZLHLZ,2
I19A71L,2
C6XG38Q,2
AEVICTA,2
LB5F6C3,2
48YL1BK,2
4YYO7Z7,2
3FL1QBL,2
49LO4PG,2
2O04RE8,2
9U1FNPM,2
P1NYR6C,2
AEN6XP7,2
WNOHXIH,2
5UDKABU,2
AJXBVXG,2
AE2I2SA,2
AHWRVW2,2
9UOZC1R,2
NFRQHKX,2
TWFLXF7,2
6ALYR6F,2
FFHRUIE,2
C1PA3BC,2
9E3DCF5,2
KFEP025,2
61NXV2M,2
QJFGAWW,2
0RYWBKB,2
PS01FGZ,2
D5LC8ZH,2
966IQA7,2
OK4HGTF,2
K6WZHHN,2
51LR8ME,2
KGQ157N,2
6YMV9Z3,2
75QR90K,2
BX9W5Y6,2
6JG8ENM,2
MEG0LNQ,2
3C7UV9R,2
36I32ZV,2
EKGNWVS,2
LWS454K,2
JB2FEFA,2
Q5ZLAS3,2
PQ6CQTS,2
H4E2SW9,2
YZ9F7XL,2
4MQUGP5,2
JN5E9YW,2
UBS0GIV,2
064D7ZO,2
X25AOY8,2
PSOCYX4,2
7HNFE5F,2
WGTVVBO,2
C9E5UHG,2
76VO871,2
P4PQLAR,2
T2KAPFW,2
07IKF68,2
0YYDYBB,2
XKF2LCZ,2
RO132UF,2
BLURCA1,2
W7CZSZ0,2
FWL7P9F,2
CBVNI67,2
8YNF7BF,2
RCZZ5CA,2
J47BICN,2
M3GLUDH,2
PRF4OYC,2
J66JD1U,2
5VTO0H9,2
0FI825K,2
MNF6F26,2
DNMSE6N,2
A5GCQTA,2
RMY37X3,2
PBSD2OH,2
PCT36SF,2
04RRHCH,2
H1C5LNX,2
L1JDGPF,2
UHAACUT,2
BG649IR,2
3984T77,2
E4R1PYV,2
I7QKLT9,2
I9OMSCU,2
U0LMNDU,2
LPIRRHZ,2
7N6Q1W2,2
ULLPM6F,2
MUYGH7D,2
IEL3J6S,2
2N0L35G,2
VY7306M,2
93FZNU3,2
PEUCGE4,2
I9620IT,2
BGHCJA7,2
NQMPHIV,2
8G8LORH,2
5XLOIY5,2
W7X8QO5,2
B3VADIG,2
CXWVNV1,2
RKO16Z9,2
NZD8GLS,2
4D9JPFJ,2
X31BLG3,2
9YKYW26,2
F1KK06N,2
7MUXVAN,2
TCF0FDU,2
W1ZIO7A,2
N7R7YP0,2
EKAKBYK,2
715WDUJ,2
MTI699B,2
N306MFP,2
94RE2Q2,2
SBEAS99,2
TYEM9RQ,2
YNG85K9,2
42BC245,2
D5UWOPV,2
6J5K7MT,2
S46Z4RH,2
RD95OOH,2
XJR6T1Q,2
HGQU711,2
H4FBAI3,2
EEXF9D2,2
0Z3ZQ1I,2
WY1UVSN,2
GU3B5LO,2
EA2LD72,2
K6YYXLK,2
H5FHIPR,2
70LDP1B,2
WMK8XGQ,2
Y7W7RII,2
3AZ2V2A,2
5NOWGB3,2
04A46HB,2
2OHC85M,2
206278X,2
MDUWLPC,2
VSR0WOM,2
2R49TCA,2
V2I7XO9,2
HG6B784,2
VTDXI6M,2
N4IBIPR,2
QSBMQDV,2
C3IJ1JN,2
ANWLFZJ,2
R4M418I,2
GW4FBYG,2
1W3URSX,2
YJYXWXG,2
ZWI6XSB,2
2IQPI8X,2
UKGD4KS,2
DDZHRYS,2
OCKTO2S,2
KKMVNLJ,2
XM3LLK4,2
MS6UXRS,2
6X7UM2T,2
4U0IU2V,2
30UIVQ7,2
ZO576OS,2
VM6WW3J,2
MPER5TR,2
ZSCVPL9,2
3O7IM0I,2
3902I3Q,2
VK6Z1ZH,2
9AAQ6OD,2
QAW9TXY,2
SBQGFVH,2
82SSIVB,2
7K29IBR,2
GDE4TLW,2
DCCPECL,2
U4WQLQF,2
W3XQHGJ,2
TOLC8ZJ,2
LF3GLU6,2
SU5ZZ10,2
AVNJHWT,2
HJSRCI4,2
8S16TAU,2
44EISC1,2
MMRKK4W,2
I12ODGL,2
9PUDE98,2
2ZJOS9Q,2
Q0MQH77,2
PPXF7D8,2
87VTHA4,2
GJZBF46,2
AD7849A,2
B4WN3K4,2
AO0HQOP,2
1D3WO7S,2
99ZZRFQ,2
IQ0SG6J,2
3ZL1AZF,2
P3T7BSV,2
772JBDF,2
6LCYZLF,2
YPER8FO,2
DKRV3LL,2
2T8NW0P,2
UN91IF7,3
OPBK9TY,2
0E5X8N2,2
I2T8DRA,2
N1Y18S8,2
I06YCBF,2
VBQN6RP,2
TK7X9GD,2
84QFSGA,2
EY60DVZ,2
8J0KV00,2
QDOMBN2,2
HKQJSHU,2
47795ML,2
IWJ4JGW,2
XS74YO3,2
J1YUGBA,2
URFPCC9,2
8V4VQCG,2
GDDMTUJ,2
RE4I0EL,2
U8YEOSJ,2
6T6WZZC,2
8R62GID,2
G70MUPR,2
04QL8RD,2
5WXHAXE,2
K1CRL9O,2
506K82I,2
6R10Y9J,2
N1M507O,2
8TGFKHL,2
OW1TD2T,2
607DQ3U,2
U6YIUDQ,2
050BRBG,2
PX9HKMC,2
W1SVTML,2
GHFFEVI,2
O8YGRSM,2
G5WLNBH,2
MVJUCC1,2
FGGORLM,2
93ZZAQE,2
N699K0U,2
KGD7PG6,2
FDC38ZI,2
GF90GH5,2
ZRKF39Y,2
VTEV53D,2
GNPF0R3,2
2EC50GM,2
A2YDUST,2
HVOBOGC,2
2NL68L1,2
BCZK57W,2
1MI44IM,2
Y74J1B6,2
G09HELF,2
CG9PE4M,2
NVIZIDQ,2
YS8T4DZ,2
OVV0VSR,2
WJXNR60,2
SENBKB1,2
H4YAVT3,2
NTVJUCZ,2
DCIZEVI,2
CP6ABZG,2
IKMMJ71,2
LJ1QBNO,2
Z48DGLU,2
83K9WVP,2
9PD5US2,2
LY85VAE,2
U0GO40Q,2
KUQUZ6H,2
3G3LKCK,2
EXGJUQ8,2
X67T3ND,2
UPM1NXI,2
JRQLO9C,2
A3TJ1DT,2
DDRJWX8,2
UDWNBCH,2
QP0PVW5,2
MAD9R37,2
PD8LD2N,2
RHDZ4LT,2
CNEHBIE,2
FX3H49O,2
YTDYZZQ,2
NART0C4,2
RYCPIF4,2
RKR0FVJ,2
R696RLF,2
3EAEG7I,2
3FXEPK8,2
2QVCWE1,2
HU6S8OI,2
RBDPKT2,2
RE8S7CS,2
60HL0LX,2
QI8AR7S,2
AP9FMG2,2
DNFPZXT,2
8IYRTGW,2
89BFAER,2
BWYP493,2
TESEJPV,2
125RGY2,2
M9QE0ZD,2
CLD420G,2
WQFNZ5S,2
NE8DAIU,2
7A71SW0,2
C36W4P3,2
QN13ZWJ,2
G3ABA9S,2
WP5FD2P,2
65E1TOB,2
26S8CFG,2
DG1DZMZ,2
RKPCL30,2
OGAQHID,2
R0B028J,2
TS7EFVC,2
1ZCVDA6,2
Q8LIT0F,2
9G9U5V9,2
0JKKKP4,2
Y60ZD4K,2
MAPQGI6,2
S0C8DQZ,2
PLCIE25,2
VCBBSUB,2
W5WQP0F,2
6DDTMOO,2
T8LEFBU,2
B7VSDK3,2
G91KZ95,2
U9TTHFH,2
DWU2PEF,2
JYNP4N7,2
6P989U5,2
1IR8ZVG,2
FGO8VNO,2
J7ETKW1,2
6LM5CRS,2
EACRQEH,2
3A91MB4,2
6NAP1IT,2
J5IDWV1,2
RET3LEI,2
J0G7QF2,2
RJ3QHC4,2
CGU3WD0,2
XZ3QS66,2
7D9BOVU,2
P7LXCAI,2
7LGLNBU,2
A8XVAEC,2
Z58T4KJ,2
LM57TI4,2
WPQ4UOL,2
3UEHAXG,2
G5EG390,2
K9AYQDV,2
QA688HG,2
09GLIWB,2
D3YY0RQ,2
TRQ6IX9,2
YV2P6CU,2
WDMPAU1,2
PSGQQHA,2
WYFA150,2
2E3H2BT,2
8D20ZZS,2
D84NV9U,2
0BFBUD2,2
CWHGBVM,2
GYRIR5V,2
J74O3KV,2
MRFTIJ3,2
NJZ702B,2
P5LOHP9,2
JO647S4,2
1WN871G,2
GG5WOYX,2
S83MN4D,2
YBYFWJ0,2
Q258FU3,2
4WV8WV1,2
NHF5V93,2
DJ6JTDP,2
EZI1TBW,2
UPPPGYM,2
M8LZUHK,2
6TT9SWD,2
MHO4X5J,2
F9WNVZR,2
447P2OW,2
40YM0EY,2
9YVBRF0,2
MU2SY50,2
Y6U2JKH,2
E7BG69E,2
KEN0KPK,2
3CU8WCX,2
YM0WWS3,2
LZNEHW0,2
229EWTU,2
CGJZ5V4,2
P09M8A1,2
EKDWZSH,2
8BVJ51K,2
8U61ADB,2
FCIO6TC,2
SXXVQRP,2
MH3UYU3,2
JO70CWH,2
TG9VAFV,2
JC3RULR,2
PRPLBL5,2
C3NG3HU,2
NRHASIN,2
12EEBC1,2
TJYC8SU,2
QVAYIEV,2
NY95RS5,2
BTHQVL8,2
535ZOVM,2
E8R8VFV,2
KKL8KPO,2
X4W7ZUR,2
SQ41TXA,2
Y9I41D8,2
6MOU0T6,2
G5OEYD7,2
TDYWH9D,2
QE6OR5B,2
GZIL72L,2
GZLQZGK,2
IA5X8YB,2
0C28ZNH,2
AB34ELW,2
KZN54V1,2
IFMJ8U0,2
5TU0T7R,2
OUVH1PW,2
PM1BINJ,2
G2DNFSU,2
ZJ49ES4,2
OR2DRV0,2
OU7ZB2M,2
B6RYOW4,2
OOLRO4K,2
KDFBV1N,2
81S8MVN,2
MB27NF9,2
OJMJQV7,2
ITL1N8E,2
Q9VAKDN,2
I7KHHW4,2
0RD18CK,2
LZZD5ZM,2
JY8MSHD,2
GH99D9V,2
I1GJBQU,2
HFSZNNV,2
JKC18K2,2
JKC18K2,2
RRVKGLD,2
XD10AUN,2
6QD20AF,2
EZIP818,2
NGHNS6G,2
ZW4ALZB,2
M1B51SB,2
BVQ4E8F,2
CSVHK0L,2
99RNF9B,2
ZZH7Y6H,2
AS9TWH3,2
YS7EH5C,2
PEW9I9E,2
43A2A8V,2
9H7S2WJ,2
SRS7BDR,2
Q36ELRI,2
P88ZCSS,2
GPJ4PP2,2
L4YIQJK,2
6U69HOD,2
C2MFYKJ,2
MY57ZA0,2
02WEYWV,2
67TUU98,2
WFUV843,2
BYD6HE0,2
VMNQ3BU,2
74NT17U,2
CF7OOH8,2
HQRZZFY,2
ZNDBR05,2
8MJF8N0,2
I8UFFZS,2
LS3WPBD,2
RBP0GM7,2
XZTTSCE,2
LYU47C3,2
TMDB0U6,2
DT9KQGV,2
6HJKPHD,2
2MSBJGI,2
OBQQS0K,2
GMSGBX1,2
MEUD6E6,2
RSML73F,2
6BWZ72B,2
3DDZLWQ,2
3DDZLWQ,2
DSJRR66,2
DSJRR66,2
DSJRR66,2
YY3IP8C,2
B795KUQ,2
E92K2OH,2
DZORPPZ,2
DZORPPZ,2
PLEXI6K,2
ZFJ9LV9,2
4X2Y51H,2
4X2Y51H,2
4X2Y51H,2
1V3RIHI,2
WG3CZDG,2
WG3CZDG,2
4P10234,2
PB20QK2,2
H8ZRU0J,2
T09YRKV,2
RHIWB60,2
LPDE69P,2
1O8WP8E,2
5FT4E86,2
FCJQM2D,2
T8W0PI6,2
600ARPL,2
UTLANFQ,2
BDI55BI,2
5CURRE8,2
8QOEKWQ,2
FZHFYV9,2
36Q31GZ,2
5MIZNYW,2
9J7OXRP,2
9W6OTWY,2
GZ924DR,2
AEG43PC,2
YZ6GM09,2
OLVGBA3,2
Q7YR4ZW,2
IB9KOE1,2
17ICQY1,2
Q2TLFHG,2
PIVO71T,2
91AQHSG,2
PJAOBKA,2
JYT7135,2
20CJXP0,2
RJCKSWO,2
QYHOUW5,2
6ZRIUAK,2
5FG43XR,2
90XEMB3,2
LJAAIG8,2
E3OV9N9,2
M36G6HT,2
ER8QJVF,2
5MIVTXW,2
3CDZPH3,2
49TSFLR,2
NFY50LR,2
4KW4YUD,2
HP8CSOV,2
NAYDVC9,2
T88XUCC,2
BTH8OB2,2
NZKVEQP,2
1MVH33T,2
GYUHHIP,2
VOVCAFF,2
QNEPRHE,2
KYJ8A0M,2
4YIX7DC,2
VX1H5XS,2
5H9ET8E,2
80M6L7B,2
WUEEUXC,2
FS19WG3,2
1Q17Y8Y,2
T41W3V1,2
RAFG48H,2
M6DVNR8,2
3RWTSJN,2
15CXY8G,2
STZ85DI,2
W7R4F7R,2
COMJY6H,2
6V61FK1,2
Q2TTJD8,2
4C1NT88,2
KCBQ2OF,2
RK6Q7QY,2
A8ZJSHH,2
5A9TSDG,2
3B098GE,2
KJJAFXE,2
XAWSMOA,2
XKX1PEG,2
4CHN8P9,2
9FQ1RMQ,2
II7YY1M,2
II7YY1M,2
25Z0U9D,2
XNVR5PJ,2
EM2YO39,2
5U7OVYD,2
3C2RJPO,2
P95NX2B,2
JR9OQSU,2
0I399HF,2
P4MAWAE,2
P4MAWAE,2
P4MAWAE,2
BWHC8TB,2
YN394E9,2
C5224GN,2
8BTKT7A,2
FMQ4CH8,2
PMB13D8,2
73NW243,2
R8HPSEH,2
M7Q4IGC,2
QEQGWP0,2
LGQGBBZ,2
YQ4BHZ1,2
YAME7NN,2
UEN16ZS,2
P26783Q,2
8XOA6WE,2
K8G930J,2
KWB9I25,2
QGJZ1I2,2
H42FOKT,2
OI32WLQ,2
YM0OIRI,2
YM0OIRI,1
9KPWFJ1,1
KXPRLKE,2
ZAFGKWO,2
8Z68SDB,2
VSYRDR1,2
B039N49,2
LSXHM89,2
JBFX9X6,2
764U8Y7,2
2SPJUQY,2
G4MZ7DN,2
EFFKZDY,2
7C34B5N,2
YDSRLC1,2
YH3QQ9D,2
1WWAHTQ,2
QAPWL29,2
4CZRUKL,2
NJDUUUU,1
BVRKT2W,2
46R2NM5,2
XETNBXD,2
HFK24A1,2
ODIZ5R7,2
X5OW60N,2
ZDICXTL,2
DVQRDG4,2
5CBN6TU,2
3YXN6JE,1
KOV1XT2,2
P9EJFNM,2
FMY7HS1,2
0OP1TO6,2
JGRG3RQ,2
JGRG3RQ,1
JGRG3RQ,1
JGRG3RQ,1
8OIR0P9,2
WLKJACZ,2
A8VSZ54,2
6JDUQC3,2
DQ5BH7J,2
UVQLNUL,2
TYF5S1S,2
QPB24M7,2
KI2JEB2,2
WRU88LI,2
PWLGKSJ,2
77JEETT,2
WNL0YL7,2
PHYDY8O,2
HPEJV37,2
NSAR8DY,2
0FAEQO4,2
3Z6RJP5,2
P9BB200,2
CRHG1BT,2
B7NIQKE,2
QUP1EEB,2
0GTJ8NS,2
AGX7CR4,2
IIK1BZK,2
E5CE5RC,2
C0188Q3,2
6OGFF8K,2
H7PP4QR,2
LFVQVWJ,2
1MALMYD,2
PR0VL6Q,2
1QQAEIJ,2
QHP80IG,2
D84GVOS,2
H3NWP6U,2
6WL99YJ,2
EX8WTY3,2
74805WR,2
Z3OY5JC,2
9RKOEYG,2
D8BU4RX,2
WZSRDJX,2
MVFHE4R,2
P0YVYVB,2
YA77KOQ,2
54QEX1A,2
L84IJ25,2
5MJKLCV,2
CSAXD5P,3
TPKNTRS,2
8GPMOBT,2
VMXOU3P,2
PRTQKTY,2
8I2SKTV,2
315FR9I,2
2HDL5E1,2
7KVS9S2,2
NQES2ME,2
IYVLYH5,2
QF3D6YU,2
PISQEM2,2
8Y3LAZK,2
8HDG099,2
RYUESQE,1
9J2895D,2
87BSPOC,2
9H98KME,2
NKEHCZO,2
U6LJABT,2
0AEZ6VM,2
9SKL48S,2
NEHFUOS,2
3GLDNYD,2
NZGOYCG,2
MO4R5LD,2
ZS8505G,2
6QTMQTC,2
141VZAS,2
LG9UAGQ,2
0B3HGA5,2
NEKK6U9,2
BAOSFJQ,2
EBTOYRF,2
MJ5HB22,2
IR083T0,2
9TKFMQI,2
TDKM76V,2
TVDXG5N,2
9XDR489,2
3SIZ9AF,2
C078EW8,2
IZHLA7U,1
JO4SYVH,2
VCE6CAN,2
5G7XSDE,2
158LH75,2
I0R5JP0,2
RPJO9F4,2
JPDV4P7,2
LL56UG3,2
EAKQTJ9,2
P84C4PQ,2
6ZB0GFU,2
AR2Q7KW,2
4HYMKY6,2
DUQ2Q5N,2
IJPE8Z1,2
4FI87Y8,2
SF01KOM,2
RFDRHFI,2
UQKB7O0,2
HTQCML2,2
RJ3O9PP,2
RLDH7WR,2
15ATIVG,2
VF3JRYZ,2
WM761QM,2
2NUFKUM,2
Z8C3HG6,2
JIA2VTM,2
4IA7QPB,2
50XBR9D,1
2U7F6B2,2
8X6HL4T,2
UTBF11K,2
OW4WI06,1
QGF9QCR,1
4C2SA62,2
QZS6MRW,2
1JRSTKL,2
P5IHXUW,2
YGOBY4O,2
F2R3OWQ,2
KWC495Y,2
YEXSRUB,2
25KCTSA,2
19G5WVN,1
8AAYPOV,2
625F7QE,2
GA7F4ZM,2
CG9I5TM,2
KZ06NRG,2
09N21SV,2
CG7P905,2
8EA0Q8P,2
V3FOWHD,2
ZDF3J9O,2
JLG6XAN,2
H714FXU,1
M4SW4MP,2
P5A13B2,2
E9VM4CG,2
3N8RHSJ,2
HWCYQK9,2
C89H8WX,2
23OELG3,2
0SV91MA,2
DI6R5J6,2
DIXUELZ,2
LLQWU9R,2
17WG9B4,2
65MNDOY,2
WETIZ1V,2
8FR7BRJ,2
DZWOBL0,2
9DL1VX4,2
F5IOJ8W,2
4NPI9W3,2
C6ZAMFL,2
ZAD1UTU,2
G4DO0KB,2
81B2SLO,2
9HHUMGT,2
1NFXVQ4,2
UDEZ0WA,2
4HX5Y88,2
FQFKH7G,2
LKBD9NX,2
RHJJ3CY,2
21HGS2Q,2
GBT9TJN,2
4IFSQ4P,2
5XYCTZU,2
1I58A8J,2
YH2K1QR,2
B09GWOC,2
7WKHFAN,2
33R4AOT,2
FKW9XL7,2
5STBULW,2
ICY0AI1,2
IEMQ23C,2
Y3NTNHZ,2
R93CMJC,2
4E8GZ3U,2
L8XRQDB,2
GV5O52R,2
45CE8HH,2
F1RZNG1,2
EIAXA2Y,2
FY6CGKW,2
6S4JO42,2
5IZ2S12,2
3DK6W3U,2
YF60A7P,1
J3A5UW2,2
ZTI3UBY,2
FUOMQVI,2
2AQNDBP,2
P7ZX6LU,2
S7083Z5,2
FERGEWK,2
IW5EDHW,2
EQAYSZ0,2
LKF2GAI,2
SFY88QO,2
UB72K2T,2
T618LR6,2
D33J9WD,2
W58BY9T,2
T9UMIJ4,2
Q720GVC,2
GT7IPFV,2
IHH1WVA,2
Y69K77J,2
IBKMV95,2
A1I8TAI,2
2JMV0FU,2
6WZY7XK,2
RSNCUPZ,2
YB9PPVK,2
8T7H02U,2
ZZHIWLQ,2
QWSBAVM,2
TZ2N14W,2
MO2IJNI,2
AU81ZSQ,2
CBQMTRO,2
3P8451C,2
OPSWGWL,2
5V2W3H1,2
5O0Q0KM,2
XBDM9X5,2
ZLKO70U,2
6TPSYMN,2
KTE243R,2
KIO4O3X,2
9SMCJNV,1
4BDV90P,2
77YF3XE,2
FMC47XW,2
Z894JFX,2
YVGD7RZ,2
5NF1OZ0,2
31Z3VQQ,2
3WI7S95,2
594EHJY,2
H3R8B28,2
L9S9129,2
47T7T3L,2
AUIRS9T,2
KFOUWDP,1
IQ6KVO7,1
T6L5RJP,1
1X5RA25,1
W89FP7Y,1
JUH5MUX,1
SLE5THX,1
TSJGHF3,2
5MDGUDU,1
SNCWGTH,1
UP52JY7,1
Q9M6CJ0,1
M53GIOS,1
KRTW8K2,1
T5IJHXH,1
XICSET3,1
U8VSM53,1
8NZMFO7,1
XEKKFTN,1
SCADXDZ,1
4645ZBT,1
1OYT4IX,1
IO21QOG,1
49TC2FK,1
CSF6Z2O,1
C87GXNX,1
5HH9DAS,1
5WJYF5Z,1
HU5UFSP,1
FX8V6ZD,1
N9TEHTG,1
U1ANGDK,1
5FBVHAN,1
NPTEM7V,1
ZKKRH1P,1
OD5OEM6,1
T42ALO7,1
779R36J,1
KXXNZFX,1
S5QEAH9,1
M6ADM6R,1
OWW86X6,1
134E8ZA,2
1NQPZET,1
2YDJQ7K,1
VORJF05,1
T7487LR,1
WG5Y5YQ,2
5SO6F1K,1
109IWZ3,1
YIP4YY7,1
SOA3Z3B,1
DQCAYA5,1
C07CBTS,1
2ZVNF1L,2
0INQSSI,1
1NFMUMM,1
IFOYYM3,1
N05W9KW,2
1PDRNR9,1
PC7YADX,1
52NXT25,1
OC8N54G,1
M27BK17,1
1BL787M,1
QXQU7N9,1
292IGCT,1
XLDESNT,1
TIRPTKN,1
2SGTADR,1
XXMCZ39,1
M40DN1Z,1
GYUX6XU,1
0WX7CLA,1
KN9X8RX,1
TYX9VXV,1
H3B337F,1
ULQUJFI,1
8OEYGYX,1
3350V46,1
CQBGB49,1
C7196M0,1
0QBWK4L,1
C1J30VC,1
HFARFZ9,1
0DTE1HT,1
VNSG4BV,1
OQASWH5,1
UMKHJJW,1
KZJ0RCE,1
X2EJLK9,1
JEXH9RC,1
M3P0QPV,1
CEQDW3N,1
X4CPES7,1
V5Y1MV6,1
AT2DAII,1
90O5NNH,1
0YPTFVV,1
1KWLIYS,1
2BFUGR1,1
RS37RQ8,1
6WDMWXD,1
DFAS2KL,1
W480WGB,1
WBNWHL1,1
WEMD76X,1
6C5GWUV,1
SF2S2WK,1
J7577KM,1
7FU4YQW,1
QEWSI5R,1
G3I7E2C,1
N2W3000,1
DQPX2YZ,1
WKE5HXY,1
8HSKHT0,1
2TYEUXH,1
L3BPZFY,1
SYW525V,1
ONY7XSC,1
523R8IX,1
1M55J22,1
AHULOSB,1
0IEH34L,1
7MQ8BR5,1
IP4PZ2E,1
P4WLBXH,1
U3RAWBJ,1
8B2M2J9,1
5HHKXHB,1
Q0J6QMS,1
JAXFY0I,1
9GAD3EJ,1
42RASQA,1
51F4PZ0,1
SK5YPK5,1
OJNR9BG,1
V9PHR2L,1
JVOJPYU,1
A3D6RIV,1
3WR1AZP,1
SNTX6AK,1
RNAZE7W,1
NIN9O40,1
INF7RMD,1
X94EOA9,1
SQQ18OA,1
F1E8JES,1
DVSBIFR,1
4IUJRT1,1
JFL5SPQ,1
GAJ66OV,1
3WB9JM8,1
O1JCLK5,1
8MAQ1GW,1
623O0D4,1
W43TNY6,1
P7JASO4,1
O7B7IOZ,1
OIEZNSY,1
VFPFB8B,1
KMY82MJ,1
GT0S53W,1
UQ2FF16,1
TI54LTK,1
J6XXGOE,1
G35MILZ,1
3FP4PQD,1
TYLP9G7,2
M5FJH90,1
3XK3UXG,1
CZ87ADT,1
WAZORGN,1
MTLMF9K,1
TOLQEF1,1
BFRDTVG,1
R8J6T9Q,1
HDRGQE0,1
WTFZWVP,1
7NJZ6ON,1
ZRT5FBO,1
YY0KWRT,1
CK5TO6A,1
P7UEO9P,1
NS8IQ8B,1
Y5XV02L,1
GLPHIYW,1
CFEY2PW,1
X9DUSX3,1
DWMQZ0X,1
MJCXLHQ,1
QKB99KZ,1
28CH82R,1
S1WXIQ8,1
JKNS2O4,1
Z1HUGF4,1
VWKZ37U,1
NY5HW2U,1
LRX0V2F,1
Y37CLS1,1
P00CIDU,1
EDGT4SK,1
IS9R4UO,1
QK9TC61,1
NRNKR6T,1
5FG95LS,1
ANQH7C7,1
WXPSM8B,1
IXEIHOQ,1
JJN3YFZ,1
L4UZDXW,1
NNV8421,1
VXYHTI2,1
NB0E8VK,1
AEWVAKI,1
MYNINHZ,1
5YNYS3G,1
0CU0NX3,1
QZ318OU,1
ICWC55W,1
Q35HGT1,1
0HFFGTM,1
WPWEXHJ,1
X0KSJ3U,1
3RA4B8N,1
HXS65FQ,1
1635RZ0,1
U7IBZU2,1
2VP77CK,1
6MANQD4,1
7AKZJL7,1
77YRN5Q,1
Y8BIHF1,1
HSN7JML,1
5TEP9YC,1
1VEMJOL,1
WJFZRZV,1
CX9NWOZ,1
PF5R54X,1
WD5MEPY,1
DLA6513,1
O9FBAOX,1
JMQGWHB,1
KFQL9QP,1
E38HEDF,1
W9UU158,1
OV6MJN4,1
TQF09S9,1
GOYH74N,1
9R9NYR1,1
7VQHPY7,1
BZF1ZTM,1
L63BTX2,1
R531M67,1
AOOBPS6,1
TRWG9N3,1
XZOALK6,1
UPGRPKS,1
HO9JKP8,1
M8C35HI,1
ALJ1F2C,1
4Y5H1RW,1
ISAXFBO,1
17AMNEG,1
QOGT9Y2,1
SV3BDY1,1
BQ5WXR7,1
T8BY1K0,1
BOE79FU,1
7E0RZS5,1
GCN8475,1
AOCVXGQ,1
2UODKAX,1
QVYBKKA,1
HH9G5P0,1
X3FXVUV,1
S36R9QQ,1
157ZM3T,1
2K8A3HL,1
R8W41M6,1
FPCAKSQ,1
7177TK7,1
TY295L7,1
U1A895K,1
FM0UIWT,1
8XUWVMW,1
QZ52SQP,1
Y2D6EDO,1
7DZGS1F,1
8UJZ42R,1
9NM5HWZ,1
9RK1ITZ,1
XSVCMJ6,1
LP79UM2,1
0JJNNKQ,1
SHXJ0XI,1
VKEQKFS,1
SWEKGYI,1
H25HJQA,1
FH7QPG9,1
FY7V13N,1
MMQLPXX,1
JG4RY26,1
E5XM7UV,1
8JFMKHC,1
P4NN1PR,1
NX9E98R,1
866U3JV,1
TCS6EMF,1
GF7C8KV,1
L38MTG5,1
B2B8HGI,1
CLK1KWS,1
QFJCWHG,1
ZXM4Q8T,1
PU75CR0,1
KRAD2ZM,1
JIZINTF,1
0W8EEI0,1
U7JKFNA,1
RU0F8AY,1
90V66RA,1
CIZX5XS,1
LI8XHG3,1
D7JZC28,1
PKHRXOC,1
X02KP1L,1
1PRQ8RT,1
RCKN1NE,1
NX97P1X,1
XW2JB5J,1
2ICWG98,1
OANJLYW,1
HPS8PB8,1
8D4CNCC,1
KTA8H05,1
30UC9TW,1
HLF7GXL,1
FAPRB92,1
ODW66SN,1
ZWY72CG,1
HRJ6ZF3,1
JYD4CRY,1
IR7SPP3,1
H61XI0K,1
FI5BNN9,1
8GW7L8D,1
0SH1ZI7,1
0ADWR84,1
YAVBLVY,1
BRBBOU6,1
262NU5K,1
LMGID05,1
RXWFSA1,1
OSQGRF3,1
0XO7L87,1
VB4XLNB,1
E01GGPY,1
OQZ0Q7R,1
UER156V,1
FGKG97M,1
PIMU3KA,1
YRDWHH3,1
ZFGGS1I,1
DP1MMRN,1
C2R2QWZ,1
EE255YN,1
LJUJER4,1
UTDHDHG,1
FMN74VH,1
SWO65S1,1
JKJTJWR,1
J7HZQ6Z,1
5R56YA5,1
YPI9DSR,1
Y2JDBYM,1
O9Y10GI,1
84FK70M,1
3XPLY9T,1
5O1TUVS,1
O6E90KV,1
I8V4MID,1
IPWQ4VD,1
5ZU0BJM,1
VUZKVF6,1
583UPKW,1
3QN7RG8,1
M3BNNK6,1
ZOG4UUY,1
S2FCYPG,1
FX6CMXK,1
GDVQTMZ,1
PE4BNRU,1
3X0OPO4,1
8HRO13D,1
B3NMLTW,1
SYEKABL,1
T2Y95YW,1
ZTDQZGA,1
5HS8CPL,1
I496EZS,1
QC6UE9R,1
6C67HNA,1
OWIGAPS,1
4WL5XDA,1
10KRSWD,1
COU9HW8,1
PNH3WG7,1
OF77IR4,1
G0TS3FE,1
YZSZNCV,1
6C9FRT7,1
BFPE0TJ,1
6OSNHOZ,1
X4MBHTR,1
DPHJJ49,1
0SKGWOL,1
LZ0NMY6,1
H60HRIG,1
17DV2Q0,1
OOL6EIV,1
YVBZ3AS,1
RYOHM1C,1
AA7OXRO,1
MGV1U77,1
Q66BPFB,1
QOMN6QT,1
S7BNV8P,1
BMRL8VI,1
8Z719TA,1
ZLB4T9Z,1
CBC9U4D,1
HTD4XTP,1
H5GWI79,1
T2R1C20,1
1SQJ2R2,1
BGW8F84,1
5AXZNQ3,1
2GHW2GA,1
NGR2H15,1
B7ZWZA5,1
S3USKUN,1
JTSXNIN,1
RWG4G0O,1
NB0NNFU,1
P473JYF,1
DBB8DIY,1
NHXJEJZ,1
UXCHY7P,1
SSAFOON,1
OZAKEI7,1
W7ZMSLM,1
HHNCT3H,1
5IL69KC,1
BZ0KR66,1
AUFZMF4,1
U0G8ZAQ,1
DPM2671,2
M0A7FJZ,1
A4F3PIS,1
B1SJC0R,1
NGXHXM2,1
7PIE7QK,1
KN4RF7Z,1
JBVN70S,1
GMGHASB,1
XZZDZN0,1
3UQI4DY,1
13WOZ17,1
UIW5EON,1
F2ZYCXE,1
NLYEYZB,1
NIDJ3J0,1
914GR6U,1
19Z463S,1
PYWFZ30,1
8CMS04S,1
C29HURD,1
RVCQFPP,1
MB53QLC,1
0RPAUSQ,1
XKG5MAN,1
ADUKEA2,1
0CCGB7B,1
2DKFK0G,1
YN42D6B,1
Y81KVPP,1
66ZA91F,1
Y5HM6OG,1
YVPL09J,1
K1GAGKY,1
ZWA8AMX,1
B9HAPTQ,1
P9AFFO8,1
64AHSBE,1
MJJHG6X,1
6IV2WOR,1
YNAH3QC,1
T1AIFH9,1
B91A6WJ,1
D37A3EC,1
E5H1BM7,1
4FEZST4,1
AT7TIYN,1
C8SMZ0B,1
9WDZ5QG,1
ECJILGH,1
4GVWKKS,1
9P7NY9R,1
QM7WTE8,1
KPI003U,1
21RMGPM,1
LPRFXM4,1
9G7J60J,1
0MKRXNQ,1
L7G0YKY,1
A1RU8LO,1
LNWMOHJ,1
U5EMR3D,1
H5SYLYI,1
LHP1VYQ,1
3L28BAJ,1
QZ4PCH8,1
O9ZSOGW,1
6J6RLJM,1
L9VXASW,1
24V8MC3,1
WJPTCB5,1
N27SIET,1
Y9YE4N7,1
KG2RU22,1
E9WKTWV,1
530RICR,1
XBSNO28,1
3DIJBED,1
SQXDBIE,1
X4W6LU8,1
NLRDLZY,1
F5K840Z,1
N4CK40Q,1
HEDQ5JX,1
4D3W8SZ,1
V84U0CM,1
CPGROQV,1
2ZY9TC5,1
6AAPYCQ,1
Y5AT5ZM,1
R7CBYT2,1
DCRMYLR,1
TIKYYX4,1
VE57961,1
YYHGEVN,1
FDZFYBA,1
NVKGRNW,1
5IL16N6,1
RCBFPJF,1
5X14AIX,1
Z4MRWM4,1
0476W6L,1
KUDIFVY,1
96DYD3Z,1
62OTKMB,1
8G85FL0,1
9E4TOBK,1
0NRTNMQ,1
M82S9W3,1
GZU3PG3,1
BFMG8C0,1
1LGOY8F,1
UGEUJSG,1
KA1OTOQ,1
QVNPGYJ,1
D6VK6OA,1
ISMENZA,1
ZBOY1IC,1
RD5DNWW,1
9XF535G,1
LXOZLGO,1
HU1TA4C,1
NL9QUB8,1
VFHPMC8,1
DTLW9AB,1
HGLOKXH,1
UG2GPZR,1
8UADET2,1
1BMCRI0,1
SJUYNPM,1
9HYPDI8,1
9NT7T0M,1
CCZ9SN8,1
Q58X4KH,1
Y0JSHKS,1
LM76JSY,1
5Q6LPK5,1
OP8CDZS,1
2WNY7NZ,1
70HXO87,1
CPF7939,1
AMO9YUL,1
BNXJU0G,1
NZWASXM,1
JZRY3N2,1
HFA2ZNF,1
S3U7PO8,1
WWBL0DC,1
TY5BR17,1
J3GGLB2,1
R6F6M1G,1
ZCNZNTC,1
A1S7OFX,1
71GHMQX,1
MLSKOQV,1
5T6656Z,1
9G7RDJ6,1
M9EITZ8,1
7TBC2IP,1
7Q1YYX7,1
GT7KF34,1
56GDWHW,1
HJORF63,1
18VESA0,1
P1QM24J,1
8JM37T5,1
U1BR8JF,1
JBB50Z0,1
35MFZBP,1
GG8CLEJ,1
YF4DSQ4,1
GDIYRT6,1
6C7D1O2,1
ZNJO6W6,1
IJQHUW7,1
DIYGPZE,1
TR0RBOS,1
QVETPJ2,1
MLRZ4YN,1
1NVEWVD,1
TYITVW1,1
WDALC66,1
7MTPRI9,1
J3CRDGD,1
DOM1FQC,1
CACGHSC,1
8L4PHTR,1
6AYPK6E,1
8FIITYC,1
SJQWSPJ,1
3KTNTTN,1
RKFOVHJ,1
0BF069L,1
0EV0BVB,1
B2YZQR2,1
1L3JT3C,1
EG5P9FM,1
1QN87UI,1
26JA8XA,1
Q6CFYFY,1
OFX3CUS,1
DYRP1DF,1
WJIU9IY,1
ZYEM4J9,1
CPEA7ZB,1
5M7PKEC,1
0T8FPG2,1
7ATSY1R,1
IAI3KE5,1
5ASZP6G,1
B0CQQQU,1
SFL03ZO,1
TOOPYEL,1
RSHWTNU,1
YCSCCVW,1
BXBEDD3,1
ZBRQAHF,1
Y1ZZOIG,1
4PLZ6LR,1
8R8N55L,1
5B8L6O0,1
PVJUFAD,1
BBB9RTG,1
4G0N0YO,1
F50766C,1
XB89EWJ,1
AF507SG,1
TGNJ4UQ,1
BCGTCBT,1
NQYVOZF,1
JQU5KNM,1
65KCBKN,1
P3B28JG,1
54CU0ET,1
0OTKJB5,1
02SI9AG,1
UH5JWWV,1
02KKXIH,1
ME7SIN2,1
F2M4KFS,1
W391O4Q,1
MXMA6Y7,1
K71BE0H,1
81BE3E4,1
JIPQHTC,1
3QNECH2,1
J9HZVH9,1
T6QY9B8,1
8KMI2RA,1
EC79FTI,1
WM28XLP,1
85HPFGL,1
KBMWMIZ,1
MLGDIU9,1
TH9Z1SV,1
IFDNONF,1
BK27X4F,1
NL8A2O0,1
M3I64TR,1
1D4OAQ4,1
Z5IYDY4,1
2V31LIG,1
EMBC99F,1
DX95M6O,1
N9CS303,1
JBRUGU4,1
WR0M5NA,1
J1N669T,1
UY4GLO5,1
YP6EGMQ,1
ALIT580,1
GLK2H17,1
51NOW2V,1
3JNDIIY,1
APUXIBY,1
SO21L1B,1
8WOE499,1
ZWW38GZ,1
YH3T326,1
IGCMUZO,1
4FWIBTD,1
RJ2HMFX,1
QW2TEUR,1
KJP98L6,1
SMA97GB,1
F0H7DO7,1
TLJ1VA6,1
IUV2XE0,1
F7QKYP4,1
X3KMQ9X,1
J21563J,1
E5Y8X03,1
Z8KR6AK,1
7J2NEJO,1
2M0DZ3G,1
A2P6SBB,1
KT912KY,1
GTM6ZHB,1
QG6890M,1
JU6RAEY,1
CCPZ5ZO,1
1CJ2DQU,1
X2BKL7V,1
FK7V7IR,1
M9X168P,1
29XXFBV,1
ICTVEV6,1
43TFKJ4,1
3N4CBVW,1
03OP5XF,1
OV3VMVM,1
MPTCON5,1
6G8XW6U,1
90XSI8B,1
2FFI44U,1
5W5FPAC,1
TY92IMX,1
J7YU6PX,1
Q4IL3HB,1
Y8HQKMH,1
SI0Y2GR,1
KS8Z8FL,1
EA9VOMI,1
NBHUI9S,1
ZEYY4FN,1
DPJA07J,1
76YGHQ8,1
MVVHT6L,1
W5NGN9H,1
P56NF8B,1
SGX6JB4,1
DDJX6ZL,1
6QZ038K,1
80CEQ1S,1
E4L10IY,1
63TGF93,1
6WLBYL1,1
G77U96V,1
AMID1T8,1
MNCOY5Z,1
FH3CT97,1
DDQQYR6,1
7273XUI,1
C9P7REC,1
HJ6DV26,1
RE7EGHI,1
KC6HX3W,1
XDYWL4Z,1
UHKSB6G,1
ICVL57M,1
WBTLXLF,1
9HY15GK,1
KHAHSRR,1
G0EGCHR,1
SC0AJAW,1
R7Z2HPY,1
J92CD4X,1
OQWQDNE,1
JONOKZ8,1
5G0GWG1,1
F2XEUDI,1
ZQ7OYKV,1
JDDSZHF,1
DOCQCCB,1
K33M6DT,1
Z00AA72,1
QWG33IH,1
UTKHR1C,1
2XNGL9Q,1
O7FU5A9,1
OASKC1H,1
J85P2UX,1
3KDAJSG,1
T4YQLJ2,1
8FQACMO,1
FTYWUHT,1
ETV6U4G,1
Y3U8I93,1
XXJ9L0K,1
1SFVCC2,1
PJYPY24,1
03784YG,1
9Y1VEXM,1
D34EXN0,1
IXYAY50,1
E3WAJFK,1
SEGALEE,1
NJQYPED,1
RVGBLH5,1
WHIAVOT,1
EDF4JPR,1
F6YXR7P,1
Y5NDG1Q,1
WR5UDC4,1
IPYW99Q,1
1HHD3T5,1
Y3K6RGU,1
QQN9MRG,1
5YUDDMY,1
R8R0W1Z,1
K2K19VN,1
6CAZRRN,1
F1KK8A3,1
S5YQ9Z5,1
YIXWQ28,1
7HGZGBI,1
XGVV6FN,1
QQYPTBB,1
AX3G3WL,1
XIZQP3N,1
H3MRTPH,1
TUL5M5W,1
PAXU4AS,1
G2P3B7Y,1
KQU0OQW,1
K8WGMCL,1
776U0YQ,1
1DAV4TJ,1
OV4T1HC,1
5EF7R7A,1
T6HJ2H8,1
J3UZ5VU,1
23ANNLL,1
7CPF41W,1
Q9B7D4L,1
L7BGTYA,1
R26U87T,1
EDK0FCV,1
0QBOXM8,1
086JC51,1
9GB1UB0,1
ADATQ28,1
2IP6KPB,1
VDNYGQJ,1
RXP70FZ,1
I35V9UB,1
LU1NW9B,1
I7598LU,1
PIEV5FH,1
8MDRXOT,1
JRKMLYV,1
GURC87A,1
MBEA77A,1
O9AO35K,1
IQGLBIQ,1
OWTSLD4,1
KK222UB,1
QBUEYJJ,1
DJKLCIB,1
TDHU36P,1
90LVFAL,1
Q3BFO32,1
2BYF50Y,1
KS5XROV,1
HZ3ON2M,1
51L1OKN,1
DTLJEYN,1
86TY5PO,1
UG05FXB,1
DPBN143,1
0X45BHK,1
CN1Y9SJ,1
GWZ7H0P,1
SD6XDYN,1
KPIKJOS,1
LSUXBF3,1
QFYCNKQ,1
GVGNCQM,1
VDKNF2C,1
0Y2TUZB,1
AQLE8AZ,1
RQ7K16Y,1
GR7JMK2,1
8UGU84A,1
YS7B5IS,1
W4UJU71,1
8UDZXUG,1
ZITVHDZ,1
1EFPELX,1
QQCJFCV,1
CO5K4KP,1
SG6IU1I,1
K7HYD7Z,1
Q5VFBRT,1
PE007XJ,1
B3YSH4J,1
PC5ANG1,1
XQO16M1,1
A3HADZG,1
AN85Z2Z,1
F9IHUWL,1
ET38H3E,1
UM0WTRH,1
884CF23,1
RXJUM3Y,1
TD46KT4,1
JN6P66I,1
H3NRFUI,1
EE5XYBC,1
9KCOC0Y,1
JY3PCIH,1
KLHUO2J,1
4OJYTFQ,1
JDOP5HV,1
ACO7VZY,1
74O3MJX,1
4HTNJQF,1
K33NRGC,1
DBBW6QH,1
6AUSNB8,1
BG1RIB0,1
39SWJT9,1
23EO43W,1
ARPK8UU,1
G6P4G1Y,1
0NSZVSL,1
RKKG2VC,1
YTWGU5Y,1
GM8L0GM,1
83HAICD,1
VWFAL76,1
JMI0V98,1
KGKH0DK,1
SKCTLVE,1
OUEOOMO,1
FB1O77K,1
ZXDRS4E,1
56964DC,1
28USF4Q,1
FCDRNK7,1
2XVSEUV,1
XL4B37I,1
UO8O1K7,1
WNXDM7G,1
XDC6XJB,1
78ZS362,1
ZE4NPO8,1
TOWSTMF,1
3ECQ1MB,1
A9OVK9H,1
HPLUAWY,1
BD5TWH9,1
ZSB5W6C,1
4NO4SHM,1
TCF8VXE,1
PL4ZVFU,1
FNMQP4N,1
ON14RXK,1
JRL2AQV,1
HEIOAE8,1
I9OKAD8,1
3VS2KA6,1
PWGWZSG,1
CV4RR6I,1
U4Y50GN,1
O3YNDUO,1
0JQP9YV,1
VXJWR20,1
3AL2HUS,1
WT2HLQU,1
2SE5BM6,1
LTUSGM4,1
ZUY0JGZ,1
OV57FKK,1
KCPDT31,1
94HSZMM,1
UI08VRM,1
LH1S3U0,1
TGYRZYM,1
WHFAB1J,1
D878EA8,1
A64OR5G,1
FR3JM1Z,1
62L9GO4,1
3XUGJFI,1
3MES1UL,1
BWQTU8J,1
WRQ3MTU,1
XUVFL0J,1
RL1P30Q,1
6R4ZPXZ,1
LVAC4SM,1
LAL458K,1
BYRWTC5,1
8Z56FII,1
ABVIZ0W,1
HKA8FAZ,1
7QH2XWS,1
4DJ35RA,1
OX4HJZM,1
ZI1E9XF,1
6HDQG78,1
OYZPZ6Q,1
B6GY6K5,1
VG7UOMV,1
UWCF4X3,1
3GGNHLJ,1
P8D2BBX,1
79N4KO6,1
XIMRNGH,1
A412LZW,1
D5PMVG1,1
5MFILQ6,1
UZ5Q1L9,1
MYOS1SG,1
42Q6Y9E,1
X6HJTRR,1
Y0FBVJC,1
I8PI5S0,1
8YJ64FY,1
IMNI413,1
9LPAWKQ,1
KECNXM8,1
OVZTS9P,1
JWR4MGH,1
A65S2X5,1
R42YNMI,1
PXXVAOR,1
ZGFE8RQ,1
IQ2IWUA,1
WZPMNIQ,1
2HHA5LE,1
JU6GUSA,1
E4XDBEL,1
64BJDMQ,1
4YMMJS2,1
ZWKLBQ9,1
ABEGR7V,1
9C30EAC,1
5ADI60B,1
T3DWQVR,1
32FNS42,1
ED6ZT33,1
JAEG7MD,1
NY1IH4H,2
97ZQQFH,1
TGKLX0H,1
C5K9I83,1
JQ3WNTC,1
S99VXKP,1
XKD0VC8,1
HJ92FY8,1
CHZM8IE,1
FUNBN9O,1
NK2GD0N,1
W6KYH0A,1
OS45SOE,1
AP8E4NB,1
T0CFZ66,1
MTS2VS6,1
TOPA07O,1
QB1AT38,1
JE3FFDF,1
GALRC2G,1
Q9N2PQT,1
CQJALC0,1
QBM3MNI,1
FE576X1,1
WAK50K4,1
GHURAGB,1
1PA4H40,1
6DC7HL2,1
WTDROF3,1
6ATRA1S,1
YD1JFEC,1
9PKF697,1
U65R94I,1
HYW25CV,1
B28OG1X,1
SQYF6WT,1
05M43PD,1
1KWQ4F7,1
MZUNP6T,1
UXJZ2S7,1
K6MKCA6,1
NO7PAZ6,1
GM2EBSH,1
EJO7X2I,1
SQVQ2QB,1
Q1H68DK,1
7GR64M2,1
H92KAAH,1
URTGJJ6,1
Z2TB074,1
T98CA95,1
JXK7FHE,1
B02JK71,1
YMIW597,1
X8QCJ0K,1
ZQ6LW3E,1
IG92J5W,1
66ADIDE,1
6RZMFP4,1
ECVL1C1,1
FIEUHDN,1
PZF3KBV,1
7GEJCN2,1
NW0CJW2,1
04V76MT,1
205791B,1
51NFXQ0,1
9JBQEM3,1
DSMODUS,1
B5OYGQR,1
VX6EMPA,1
O9LRPSZ,1
UQKBX77,1
H9A0QO9,1
D5H2PEV,1
MDPC45Y,1
4FEAG4G,1
BSW1BD5,1
3VA749S,1
FR5OD4G,1
IGMKD4J,1
81WR3SY,1
NBPKY56,1
KTB5MLP,1
C7D8WSG,1
RRHADZN,1
WKKNGZ3,1
3GR8ZYH,1
R0LOH9K,1
YDYAGT2,1
743437E,1
ZD94ARY,1
21D3ET9,1
O34CMAU,1
94LJ9O1,1
4NVVLBT,1
65OWD6K,1
O3BSMRD,1
IW1WSGF,1
EL61JIK,1
MW18GO1,1
T3JVD5V,1
CDU4YIH,1
L87FUIQ,2
NN2UUV4,1
PRKTW9I,1
U0Z62NN,1
5ZSUH7M,1
P1UBS23,1
9B1Q2EJ,1
0PWDD68,1
O9J3WLF,1
4USLJXG,1
UYMSL9N,1
S0ZUHKK,1
4S7V15L,1
BLDZS02,1
Q3TTLZU,1
TJ8X645,1
A9IWJXS,1
H3VQRYN,1
A0HLEEU,1
WEANETR,1
1AWSIUO,1
MLUE31E,1
8LVCVTD,1
SMOXBX6,1
PMJJHBY,1
UI6XYJ5,1
V8ZNH1K,1
BBYS6JU,1
ORXESI6,1
D37QLGG,1
EH7TNC8,1
ZKW6RB1,1
FP7SDSW,1
3P9CTG3,1
J8J28PK,1
4RG2DYQ,1
025QDKK,1
5OKJFX2,1
US2LXYC,1
QRI3SCA,1
JYE200G,1
YYIJQ20,1
Z0ZG4VM,1
FTYKQEI,1
VJ6D92Q,1
X8FDA1Q,1
0MT17FT,1
WRUZ147,1
JXW6MZQ,1
LGGIK62,1
G7W2H7M,1
PDNOLDC,1
1E5GEE6,1
EXJ6KJV,1
NXLHUU0,1
4TUTWBQ,1
38DPFZH,1
DUXSR0Q,1
F2UYNR7,1
F9YV46B,1
7HE2TEK,1
1174CDB,1
3MSML1J,1
WZGEIC6,1
A6TVI8D,1
HA7C00U,1
HVYUSWW,1
9RBKXVY,1
S9ESEEK,1
1579JIK,1
HB92BLI,1
TSEG3C6,1
HS1KMXP,1
4SUF6P0,1
SLVDD2E,1
IWFKOMP,1
PQFU8XY,1
RLJCXP3,1
T1ZCGW8,1
AAZK51T,1
9FTTJSK,1
UBXY0LC,1
NQIQASP,1
LO36ESM,1
4DXJNEX,1
FF41J16,1
60FN5PY,1
SYN54X4,1
DQLOPNK,1
747040Q,1
4DSNRBF,1
05ZX6I0,1
SI9Q3UP,1
HDAUTD9,1
7XZG2K1,1
IMQ4HF5,1
KC5USC2,1
LQ5MAJW,1
BKXP0JR,1
T8XISJ7,1
HEVA8DU,1
K5T33SL,1
PV3N0TQ,1
T29AM2E,1
OH0XYRV,1
NUVIDHE,1
X7KSVVY,1
8R7YQI6,1
IM3YUMF,1
8CN0IW2,1
ESWZ2EW,1
OH5EIMX,1
FWS82QD,1
9TR72X0,1
YPHAHHV,1
TJGKW3G,1
HXPEWTL,1
L0N7ZD6,1
Y66EAGY,1
ZIV67H8,1
J4KHSFX,1
3KJMKVV,1
WG110ZI,1
Q0JNPFW,1
IE2XNGI,1
AXVYH2R,1
3RDWOBX,1
8GXBVVU,1
M8A59MH,1
MD3WDAI,1
ULT7AME,1
8MDEMIH,1
MJ5S5AY,1
N6DP7ST,1
LQ323U7,1
GMXYT4I,1
4760A28,1
MO4JBVN,1
9HFQKR1,1
ZJ97G44,1
SBYQWWR,1
8LJRZ3K,1
P2HUZSB,1
YRI25GO,1
FBG575U,1
WYD15T1,1
GCQZK4K,1
6T5T2RV,1
TA9512S,1
935FMJM,1
P57Z6U9,1
EXMFMNS,1
4IT4OTR,1
OWZN10E,1
WL29UHV,1
NVDTFBJ,1
98FHCPE,1
5M7UX9L,1
PPQSRDZ,1
BER7MQA,1
PHXKYTC,1
NEPPOUM,1
H9S3XJR,1
I9S4QZ7,1
6LG4SG5,1
37SU3PD,1
SB2KUSM,1
MOOJK20,1
9IAM257,1
GXJDNL5,1
XCMF9XG,1
OH759O5,1
I1GP355,1
GY79OR5,1
4CM1O8P,1
8X1ABKS,1
G2HCY59,1
KLRSX9U,1
O8XM6PS,1
8BZ7CCV,1
C5NHP7F,1
YK2A3V8,1
829I8FG,1
JDJE8DF,1
X75HILH,1
H143W9D,1
FNQ7ZMK,1
KBTDAWP,1
RVGMWKS,1
MZ8G6F5,1
C0XWUSJ,1
BNDKPC4,1
5TJB9SW,1
H6ICQRM,1
B091814,1
PHL40ED,1
WOKHEMC,1
3D0J40G,1
L5W705F,1
QN1A6GN,1
69MLTK7,1
YR2RDH4,1
MJK203K,1
P5IRA8B,1
GHGJBR3,1
RTU9TPS,1
7TAFQ9I,1
U2FYSEE,1
7FK9ECY,1
JHBJNGL,1
YTO1JAT,1
QTPRJXE,1
HDYSJ4T,1
ANF0XQA,1
UKFR8H4,1
KTU6XRT,1
G3J6W83,1
ZSY1W5G,1
DFF2Y2P,1
1Y5CRFR,1
IJUIVCB,1
C03N485,1
H3JRM0Q,1
8R1YW3R,1
LH68EQ4,1
Q9IMLKG,1
JZ489UX,1
9GGOU1G,1
KM3JV9M,1
0I4L8TL,1
8NL6MPZ,1
DQZ8NV6,1
P0VVV9Q,1
Z88IXKB,1
8BBF1Y3,1
UQZXKFY,1
L86JYGZ,1
FIWBSM2,1
8YY09A8,1
YR48OT2,1
W4G955S,1
INTP2N2,1
Y0ERYCU,1
SSZAHF0,1
ZK0MBTR,1
LXVA0XB,1
4UXA3KO,1
13E45BU,1
0OG9SBG,1
RWQYLGR,1
KW4FOCM,1
XKSUFYX,1
S9AOL5O,1
KVBHXTW,1
I1DJAQC,1
JT9J9FB,1
T0LB030,1
07OE1GD,1
RTNO1K8,1
N4JVNHY,1
9ZZPGCY,1
ABUL9C7,1
RQCPSVC,1
MC8CJD7,1
KTZGSLV,1
IZT4YXO,1
3RAMVWD,1
HOFGQ3A,1
65J13XB,1
UV9YMV5,1
TRUN6J2,1
F4C08VF,1
4F31PN8,1
XRUPV59,1
4V0NM83,1
GTLDDSY,1
LHM00DY,1
8UM4AHC,1
GY6WPAO,1
JT5I27Z,1
2UX2JBP,1
HB8N07V,1
OQRJ5DW,1
CRN3UJ2,1
BR09BX9,1
92ZDL26,1
JZO25K6,1
FC8L2DG,1
S1Y0IFI,1
KTD2CM8,1
QGW9WFE,1
X1751D5,1
8Q0XSYP,1
LWBADD3,1
9PTSQS3,1
7S84V4P,1
PD29825,1
OL458VL,1
LJGFC7X,1
LNUDHWV,1
KAJ31JC,1
AE1BU9M,1
LYFLNFS,1
1DG8W9T,1
29VW2XF,1
E6BQGX9,1
IDLVYCS,1
0ZAHOIV,1
3GAXR9X,1
KPAV81F,1
ATKECIL,1
TVF0II4,1
782ZVUG,1
WE5M6KZ,1
M4LWB2Z,1
BTCUKVU,1
KR2KR47,1
O3WJW53,1
V8DT0VY,1
W54JBJR,1
ZCNM4HJ,1
3F12C0F,1
JW0ELFT,1
K9OQ2DG,1
XXNRB1T,1
0XDIC1G,1
WRUAETJ,1
DTNBO4X,1
63O9RZ3,1
F0TS1EO,1
ALWL7CY,1
4YPHB1C,1
IEMPGGR,1
7XLPOJR,1
ZQRSMSI,1
O1SN0O3,1
2QNZO2V,2
UU9MUKU,1
CSWJBCH,1
MUSV2PH,1
MQGZVDF,1
1Z2FNFH,1
AK7NDGY,1
7PWLEIV,1
BVDEJSV,1
A47L264,1
R4AMH05,1
ZL2SEIW,1
4F8HUK1,1
1FM4RIT,1
WBVJN0Z,1
0KNP0QG,1
HM9FWA2,1
0EZ9T29,1
1NAVXF1,1
VRRU73F,1
3DFTYZA,1
FFBXB31,1
K3H9G22,1
IAY6JN3,1
Q1EULRD,1
BKUKYK9,1
LDXHOU2,1
WCG1QJT,1
KQ6L5F9,1
LY7CIKH,1
JP06GR4,1
F6KLLB8,1
O8WANYC,1
Z0G1MWV,1
W7UT02S,1
RA5OHXY,1
W4CUZXS,1
Y7HW32C,1
IJ4CW7N,1
DGTSCC6,1
Z04K6Q4,1
FLIFBQ1,1
6AS7E5R,1
DAH1IJH,1
KUAULHK,1
EKB6195,1
Y9NP6WP,1
7D27U9V,1
0QP0T9O,1
IZ7KQTK,1
MBVRUXH,1
D63TAZL,1
7KQEF9O,1
2RW2F0K,1
BX8TRN8,1
HJ22JCW,1
8DF3QVD,1
R4VJ49A,1
O4QWY9L,1
NUS2ZNH,1
AU0JT8P,1
SKFM9BK,1
37RAN1P,1
P4GVLH4,1
S3YP1YV,1
2I2MM75,1
E8CSYTZ,1
1VB3ZSW,1
YPTRIJU,1
CWIVU5X,1
W7JRD3R,1
JGE1NUL,1
U3QQZSB,1
88W7OO2,1
LOSUA29,1
YS03PLB,1
DTJB28T,1
XSM3KDE,1
DB7K7BZ,1
662X8WM,1
L3CAQLN,1
A7WUQHP,1
08WD513,1
CFHUJJS,1
AJF34GR,1
XO7B4FM,1
HAFSPTE,1
8RGZ20M,1
RKM7MJ1,1
1BFJIQY,1
13QK1A7,1
RHM3S5A,1
QZCMGY8,1
XPVXU7I,1
2H03849,1
YXUKZ3P,1
6RY78ZG,1
V8OKWFJ,1
YDH3Q9Y,1
H9PFF1H,1
JFAIVJY,1
HO3WFVU,1
DM2NAAR,1
H950XW0,1
8L30HCB,1
WO361RN,1
GJ7WHJT,1
0VKCNLF,1
SFWFSEV,1
M1AEIEG,1
2Z0FYZR,1
11ODHVL,1
A0H4I8Z,1
7BAKM8F,1
KWM3P43,1
6F5U1DH,1
34JBSVR,1
AX13S7Y,1
BBWY3HN,1
F00C536,1
VH06YVS,1
YGRZPB9,1
U1I7UAB,1
H21JE1J,1
DG6IH4Q,1
V6LNX4G,1
TYME0ZP,1
P5493TD,1
07ORJVS,1
GK8CY1T,1
33H2W5V,1
GTYKBD0,1
NV1VA1W,1
ZKRNKNS,1
R3AL099,1
KJ4N6HN,1
23P8R0F,1
GU1CF8I,1
4HLOSAL,1
NL8ODVF,1
2661GF0,1
6TL10CZ,1
68KNG50,1
QHDU1L4,1
AQ5JE0S,1
UKEJT5H,1
MRYBADV,1
1ZWFOSJ,1
OZYV4IQ,1
R0T0RZF,1
6HIVJJ0,1
QKSRQFH,1
GCPOUFI,1
OUQKTWR,1
II16HJZ,2
XW6J1A9,1
XEZR2ZF,1
2IA4QJZ,1
XNC4DUQ,1
JQJMJQ4,1
ZSPRBKV,1
V4RCR93,1
8M6SJH8,1
0VR110R,1
YZHJ70R,1
71DX1TW,1
ZY9HY8Y,1
K3XDVQJ,1
T1VT11R,1
V4S9A9I,1
C9L46PN,1
V1LUAOI,1
YGYHFPS,1
IJJDOQR,1
CRZTLV2,1
XUZFHLN,1
KKHH0YA,1
X6IJ9N0,1
IA08LEP,1
H14Z58Y,1
PYDKA1N,1
XPZIEVB,1
7HL4L9R,1
0TFSK67,1
5SXZS29,1
XQ27KDC,1
PT7OLS7,1
QX92CPM,1
JS5M6X5,1
JQ9PL8V,1
Q93OGQY,1
G28SR87,1
VPSTYJ9,1
JTUDY2E,1
LQ9MCCO,1
NCAHM1V,1
3IGMLOV,1
KE1MCBI,1
PFVBGHZ,1
VDWWS5Z,1
J0R4ZII,1
VT5QN2P,1
Y3DBVE1,1
67DJYGV,1
0QRF8D9,1
H98MUK7,1
KDFQ5I0,1
EUDIV3M,1
Y3SIH8P,1
6KIT2AL,1
3B31T5L,1
EO0M0A1,1
RJMDXLE,1
L4L1EP2,1
U9ICXW4,1
GXEB68Z,1
U8HVC88,1
M2OXUWX,1
8FU66W4,1
W1503IK,1
GKLV7SV,1
3WMOBFP,1
TN72O76,1
ED4KBRY,1
14812OV,1
VJTN3OJ,1
FSEI742,1
H5DII78,1
SE3BG9H,1
3WDX3SM,1
KO209CA,1
6UDGP8S,1
1SOONSZ,1
4H5L79O,1
JARYGMR,1
GXKIEG4,1
OKANVGY,1
P9Z92XX,1
G4HB2YB,1
IH5QNHA,1
YC9UKPU,1
TJJGW33,1
NC3RJPT,1
6084EOL,1
3UY8O68,1
58NDL76,1
560MLZ9,1
Z7ZKNPJ,1
X5QO8L0,1
5M70U0T,1
3W32SXK,1
O3F3MZB,1
XOBV26R,1
IIZLLJS,1
D069ADC,1
223X2UM,1
ARLQM4J,1
2LN3RCV,1
M90J3LB,1
PA95YC5,1
PEU7PSX,1
L96JFKW,1
CNMKBT4,1
BD16IP0,1
XML7UUH,1
DBZVS3R,1
N47CBRA,1
MASXJ1R,1
4DDSKBT,1
MMS8FPD,1
F2MHL9W,1
WQCPV5T,1
YQ3X5KU,1
7PMRX5E,1
ZVTJU1X,1
HSRA0TX,1
V8NDMX8,1
3E82IQ4,1
PYI4XOK,1
DBIP1LX,1
9YWOUEV,1
IP80WZX,1
QV63G61,1
Z59FTQD,1
XQELMIZ,1
85G69FC,1
1AMEPJL,1
GXMKEUV,1
R2TEUTX,1
DTU530T,1
75K2RF3,1
H0X3SS3,1
ICM48UW,1
MLROB9G,1
LJ52UCD,1
Z1CQOVE,1
FGAYFU3,1
F68U8PG,1
T0P5P97,1
FC37059,1
EF00L3I,1
WNT0D3B,1
NKS749W,1
LXS8AVI,1
R8WKL3Y,1
F8D95XQ,1
I3E0SWU,1
X2LWPQH,1
Y97ZOXU,1
R043L7X,1
3S54A9J,1
UPLGRK5,1
ED4X8LM,1
9N76Z2H,1
QSNKQT4,1
7YKW9Q2,1
VRI1KQV,1
F2NGEKZ,1
TW7K8WZ,1
QUCJJJ5,1
U3UBW9S,1
0BRY9I7,1
X9H0M88,1
C6T9V7Q,1
5VV0I4F,1
20XO3HR,1
XE4FCO2,1
GTCEUCL,1
KSEJNUP,1
V6KYJGZ,1
77PU0YI,1
GTFC7LL,1
Z3ELH5Q,1
BKXP22V,1
1CF9U5R,1
8E75DAZ,1
HAZIPYD,1
3ECIA61,1
KD5XLIN,1
83PL9ZM,1
79LN404,1
D8AND0F,1
IY831J1,1
K6AU4CD,1
LKF9JAF,1
MIZE2KE,1
VEV9TP0,1
E4G7O87,1
23KMO0O,1
7KJGH5Z,1
K1NC6RN,1
S27MUQX,1
RMFGM9L,1
DIWI7FJ,1
A26YRQS,1
GULK4FZ,1
OY1M3QX,1
U3K7PJS,1
BU4AXUL,1
KFFK63Z,1
K191UU3,1
6PN4FTJ,1
HQPOLLP,1
2WEB9E7,1
OUQRHXG,1
4RTH8GH,1
1YFETJX,1
QMBHX7I,1
9B9BNDP,1
7QGG3IY,1
YQS0VHN,1
STOL5LH,1
3J0KGQG,1
56WSHNS,1
YU9535G,1
8H84ROG,1
KWZ8RRI,1
QKG9ZE6,1
KWPR2OQ,1
S984YCR,1
L7K5077,1
0KG8DFL,1
KWUP6FQ,1
YGI037H,1
6D9JQL5,2
R1ONHAU,1
Q87OTU1,1
COOO6GI,1
ZRD4U5O,1
P9RGQGT,1
9JXYHQ1,1
LV54KUV,1
0MJUYLW,1
DJMIG3Q,1
IEFU8KO,1
FWH0M8I,1
7W7ZOUS,1
X40XJVX,1
OYO1W0I,1
EX8EU0D,1
DHX81HU,1
9UPMLTD,1
V1HIKGV,1
F1EIN8R,1
T6MWV56,1
GNB986R,1
4OSCKPM,1
PCFU36N,1
6XFNLJR,1
FF3F3E4,1
ACQ955W,1
D1D8W0X,1
7H000JG,1
U2V3DK5,1
TSXXXB1,1
VURDY65,1
8MHWHZV,1
80JLTKX,1
UDIGEP5,1
T205T9I,1
KAUBKTW,1
AJM5NKP,1
VLZUSHD,1
UMSCS0P,1
Y70ALY1,1
5SCEGDW,1
Y63JT2I,1
OJHLNE6,1
RMR2IN7,1
ZT07AWK,1
SZ3RSWA,1
1ZXBJW1,1
13R581V,1
BP00FJW,1
EOR8VCO,1
2LBXU6A,1
YEWPVY3,1
ZYHXBPW,1
7KSUH83,1
2IRU0NE,1
GFQ1AL5,1
BEW9AKL,1
6DX0VET,1
N9QTGK5,1
RJ7Z9TV,1
7H17PK1,1
1M91DAL,1
QIT7P7Z,1
VKWWGZE,1
LT96QMW,1
2S43Q1G,1
DBCNSNH,1
X1JT7PX,1
MHZ94RQ,1
B53O4VT,1
XF1XEYY,1
DIWWSJK,1
EI55JRQ,1
M2UO3UJ,1
T6ZSI5O,1
R9VF6US,1
53DTWG7,1
941311I,1
9R9H1AU,1
ZVAC5JX,1
6MV5AIW,1
IQOE6DW,1
015LTZX,1
4LT5U7H,1
RROUC3N,1
XNH4GFW,1
W8UVAEZ,1
2736OC2,1
PTQBI4B,1
R4YC3KB,1
8F5W3OZ,1
D86C7DD,1
USMVLQW,1
AWOXC04,1
F2JPDCV,1
ET7QUKR,1
N4YJS5C,1
VFCMNU2,1
0SJNG6R,1
OUZDUCY,1
I33SRSK,1
IFGDPEA,1
0E6Q5CE,1
NDDBD1Q,1
CGCNZ5F,1
XHR3LKQ,1
EG01Z4Y,1
O8QSHWG,1
PXR264E,1
RCIDSCW,1
HR91FHJ,1
XRK8JYY,1
U1ZW7SN,1
4QBG8RN,1
Z9R80OW,1
KKZEXJY,1
J8VMRWE,1
MZDXLGX,1
ZXUCC2Y,1
V0QTVYQ,1
MD0HDUJ,1
WDXB7N6,1
2V9JGEY,1
HNNGCPF,1
T4IT52W,1
UYDHTI7,1
X2XSID9,1
RAHYZDQ,1
2VISRUG,1
LCL309K,1
NWR45GQ,1
MDZSLE7,1
H2GCDC0,1
8WGVE7Z,1
RL8YQEE,1
2NEXSJ1,1
R7OWQ1Z,1
I0HZRNQ,1
NDACK3J,1
ZH1I1R6,1
XXKDTGK,1
IJCGL23,1
OX730ZD,1
HOFLX7J,1
JS0I41A,1
V1BU02P,1
DCTEGOH,1
O3ECAC4,1
996URME,1
6BB0MDW,1
B1TEJII,1
J9C2PLL,1
60EOFEB,1
3B60QGE,1
O57AWNV,1
VE2OTEZ,1
J78GWFU,1
JYYQHI0,1
BZH8QZF,1
WZTGZAY,1
36UIELR,1
GP8JKKM,1
6HGC0BR,1
B5KYLQ6,1
AN123WA,1
ZYT1IKZ,1
CLHHREU,1
QBWI2E5,1
6C4WKNW,1
MT7N10L,1
MSSPFSU,1
HID87YG,1
X8XIZLU,1
1X8BLO5,1
S6EC1BF,1
O7KWNBZ,1
QZIEBTY,1
528QQWX,1
TWJYPXW,1
5WUHF1W,1
EHMAWCF,1
51ANBYZ,1
77KCWW9,1
TW0MEGU,1
JTOEW3D,1
NLJLE1T,1
C7UNU6F,1
1T0GPW8,1
VRYT24E,1
WZT5NWF,1
0N74YT2,1
GHDATIS,1
QHGM3GA,1
O31ZHLI,1
OYGY0V6,1
JEDGEGH,1
9LJES11,1
6RC5ALD,1
M0IFQRP,1
4TIFJ7Y,1
IDDCGLO,1
E9QRBK2,1
BKFY4AK,1
33HN8CN,1
9Y239O9,1
F4YG735,1
JUOCS4F,1
79RZN4R,1
OAJ0Y81,1
VMQSZRC,1
HHGG6M7,1
GLWF338,1
ASZ0FW4,1
LD7PQL8,1
NAPV1ZV,1
ESHFPQ9,1
ZPSK4D6,1
8SB4A3B,1
D20ZP31,1
GDB0RFP,1
K21N9FF,1
4246JAC,1
O4TTW5E,1
5HUWKVP,1
8ZSMP3C,1
OR8MOMA,1
Q1LU7WU,1
CAIMOS4,1
AUOBRZI,1
RWQCCM7,1
25192J1,1
IHOFIPH,1
S9GAEQ2,1
0EAY3LH,1
97TGD73,1
153EHK1,1
RVDUJWJ,1
KZ6DHDA,1
TAUJBS6,1
8WOMMUY,1
S6TDRTI,1
ET2Z6EY,1
LGP9U4I,1
VX3U4KD,1
KALFHMI,1
IK1TB6K,1
0N4SUM4,1
GQVT4KF,1
O99S5MP,1
ZQDVAXO,1
7HU30IE,1
BDK1GYW,1
M4SRM9U,1
TIN7MZ1,1
XWI4LV6,1
ZFYHMDH,1
3JR1W1Z,1
5W6W8L6,1
CC9N9JW,1
M3CW9JW,1
OU1KI4O,1
KYD3DLE,1
RS90M3T,1
FZW5XB5,1
NJYNLAK,1
05O660B,1
QLFDEW4,1
8KDBDKR,1
QGBTAZ7,1
7Q61JFV,1
GU9Z5JL,1
QKXN058,1
ZDSDJWV,1
9ZGOJ2E,1
Z53WBE3,1
QMHK1VG,1
IYFJCBB,1
7AOSV7N,1
P2WFV6I,1
M7MIWFM,1
6HWUWAV,1
12OY1FB,1
624AE4H,1
ADLFH7B,1
ZM4WO8S,1
N656LIA,1
SSWBDX4,1
8OHQ9Y4,1
J7569EJ,1
GKIA7G0,1
JQCWEMU,1
MVSQXKK,1
HEDSSC0,1
8ZYMYXC,1
3USIV13,1
A12OWT0,1
U9CZRFA,1
D8IHKSY,1
3FEDFN0,1
LIG08M2,1
0INO21L,1
522YPYS,1
FK5DJ4F,1
Q9FNHVR,1
AGPAN23,1
19YK32S,1
OI64IB7,1
0A9Y927,1
76VVZWK,1
L59AUFB,1
JN688B9,1
C6WNDL0,1
EJQ232S,1
G4N7S40,1
NXTTHN7,1
3GJ08OM,1
ZOXXGW9,1
G1UMN0N,1
OD354A7,1
9F51XLP,1
Q14V3JZ,1
2BFLQ9E,1
0TUCQOK,1
KHPCOSR,1
5IBLWY6,1
BY1088Y,1
ACS2WXV,1
ZRWM77D,1
0P3BXWQ,1
N7T4QBK,1
175U8SN,1
4XGMCPI,1
1DESPUR,1
D748CSV,1
H9ACZCX,1
116LNXY,1
200AO3L,1
WDO57AG,1
27E0XV0,1
CXU65Q2,1
632EW22,1
UD8RZD6,1
XYNV941,1
8E9VO1U,1
L9U8U0L,1
RWIU2UF,1
7DCCEM7,1
X7OAMD4,1
VJY1G10,1
IMKB0N6,1
OXOAABX,1
3YP4M12,1
7MYU4EX,1
ULCSE91,1
LLD6CVC,1
L8K22XP,1
AYC72XD,1
CR3G9IX,1
GJCR1I5,1
VB6NM7U,1
AXJM3WW,1
3AHHUWS,1
ITLL9D6,1
LRJQF0T,1
FF60LL1,1
8WV6O1V,1
XU2KGW4,1
921G314,1
X7OQNGK,1
6XUEQRQ,1
HJIPSKC,1
TS0WRWQ,1
6VJ45IO,1
22RXX0Q,1
O0WWBKC,1
27H1A51,1
ZUKGRUP,1
QOW55PW,1
X20A6FK,1
SK1ASW9,1
HP74TYR,1
E0W70AF,1
OCCOUP1,1
86UGL6H,1
RSX7668,1
F4DTQDR,1
IGVI8IZ,1
G37TXAJ,1
E0W1UNX,1
RP6BMGS,1
5M6A3D1,1
CMDU9G8,1
KF6F0EV,1
886LIZZ,1
ZFSH5R7,1
JAU8FGE,0
MB1I225,1
ATU2D5H,1
G5I59L7,1
6JD8NQE,0
OLIQTLJ,1
T0SRDBS,1
1XJO71Z,1
AZ6DUIM,1
C2R5RGZ,1
4UBG26W,1
IQQGLAQ,1
U8Q5E6E,1
J6R443E,0
89H7GE5,1
9JQLWX9,1
QEF4TES,1
XA4KNI7,0
ATPTQLU,1
2P5PW31,1
TTW5GG0,1
YU49ISD,1
ELZHDC5,1
M9KG85G,1
2IYANRC,1
ND7EBTZ,1
4144YX5,1
VMXXBFN,1
E7QRUU2,1
XG2SEOU,1
MVCD2A8,1
Y438XVE,1
L69B999,1
PX8FF1Q,1
OHB2MQ7,1
8HIR66O,0
MMCRUWQ,1
2FI9FKY,1
R6YCM6O,0
A3D0A0E,1
YBU7VM1,1
8SN67HC,1
I6WYF71,1
3EMWE58,1
PA32VRL,0
REML5NH,1
Z3IXCZJ,0
G7PE5HA,1
QBTVBVR,1
GE5D4OO,1
07IQ55N,1
CEXX2UI,1
OX6YK4X,1
CZAARS3,0
0387G66,1
YAY5UOF,1
KQZC65V,1
FINXSN0,1
OYBBBXD,1
BMUYWCA,1
39C68NU,1
857TSUP,1
90NNFH9,1
IYOBGBK,1
4Y1J5VU,0
E7EP14Y,1
RWVO19G,1
9DMIVSS,0
KEE2I1R,1
W5I9QFC,1
E7CI8PL,1
MF0GE7L,1
2YG2MCP,1
WIR70VA,1
RAX3FUE,0
ZRKX6AX,0
6F9CYUW,1
LN0HPOZ,1
WLML68H,1
5MTUWO6,1
5BRG7T2,1
KIF25QU,1
NT8TCPR,1
0AT1YC0,1
71ZB0G4,1
BOAXO06,1
8L9PNYG,0
8VD145S,1
3A38G33,1
BQIK4PK,1
MHEA0HI,1
XJUGZ8E,1
OH02XHA,1
MAPF5JU,1
BNDOM8N,1
YUDKVBB,1
EDQEFXB,1
DE9OD24,1
QIWB78V,1
D4VAKY8,0
EUUG22M,0
7EL7QXA,1
X6XDZT9,1
RBWMBLE,1
CZ8BYQK,1
8FEH2R4,1
CL8H9Q5,1
B2HJUM7,1
5MIWB8I,1
KZE5HJA,1
K3O16SK,1
151PXMN,1
OUHSNJB,1
P39UVBM,1
XPJTXYG,0
E8Q4UVW,1
0FRRN7S,1
UABBG2U,1
ABMY8JX,1
INCVW0O,1
AOGFDOJ,1
9NQE2MO,1
48IU7QB,1
WC5IGOH,1
ZY4CXZE,1
FGUEZKV,0
ZH7QTXW,1
T8JVYAW,1
C6XDS8U,1
N7G1WP7,1
H77GNGP,1
L6HO3LX,1
VLKSMAL,0
DXXNXB4,1
P0BT1QO,1
RPNX189,1
XTCXXJ0,1
M7J5JI6,1
3Q5PILS,0
LIGMG2E,1
AQA8GB7,1
BO17U1T,1
C3FRL5Y,1
JXTMSKG,1
3CK8TUE,1
4J69GIO,1
4I8VYEE,1
UPQCKIK,1
DPAYJ5X,1
DI9D9X1,1
I66KTQB,0
ZDTH707,1
FNZJL9D,1
575OVGT,1
79JNB4L,1
40YNS4W,1
EK16NCP,1
1QWD367,0
7JKO3SM,1
LDCMVE5,0
0I3G6KI,0
XO821SD,1
1788FPP,1
C3SRFOK,1
CJNGSVU,1
ZBGVAET,1
KRV701C,1
LY9RXQ6,1
P6HDYKZ,1
GEFNWEQ,1
6DQAMQ1,0
6J0P2AM,1
NJVR86B,1
L2BNB92,1
HFKDEAT,1
FHFEQYR,1
Q50RLDH,0
Q3EKUJR,1
HFQHA5R,1
Z7FDQPS,1
X59PJCU,0
WLM9XB7,1
GTMGO1H,1
D6SURPP,1
0VQISQ9,1
9L4YPT1,0
EFQT86E,1
NUHBIMO,1
D7ZZGA1,1
0UZQ0K3,0
BVQ36PM,1
G3PB5QC,0
LULPWG9,1
4UREMKR,0
5ZQSPUM,0
VUGWCBK,1
AMKV24K,1
HAD455G,1
FXCCUCK,1
PMCPL9P,1
956TLGA,1
D9V0D2Z,1
06YYLO3,1
ST30OW5,1
2J4OFJN,1
CV1MUP7,1
VE3WJE0,1
V952RAE,0
9WB4A99,1
W2DE8PI,1
BQQHC6N,1
8IKWD1L,1
YSL1PV3,0
INN72ZI,1
JFR0W2H,1
K1Q8N80,0
9CXY86I,1
G8C3MAC,1
LE8XHGS,1
B8ET0V1,1
SFRANDA,1
FW0Z5S9,1
Y66EU54,1
1ED70A7,1
3FBWU9F,1
P9G77XK,1
WA3DRRA,1
50IBZ4U,1
U6VNBIG,1
FHKQYNK,1
8RJZ9VC,1
APRKI5K,1
SVY2W5T,1
RQYJNTI,1
W0J9YLG,0
YL37YEW,1
7LCIMF4,1
O3VEPOA,1
M68MCFD,1
EYO6AMY,1
O2WPUT1,1
4SQ7ZQP,1
IYA9KI2,1
SA17WBZ,1
20PGHFD,1
E66LLB9,1
CYMQ9GK,0
CA37L4E,1
47OVIGK,1
WC63C1A,0
UKJ1GS6,1
8JL7HQL,1
OVD9RCM,1
3VO7H15,1
GIRGO97,1
TW8U232,1
PUMTNEO,1
ICYXH6C,1
QFZN1U3,1
0QSRL68,1
L6G4HSI,1
NECHTNP,1
KRYPKUD,1
Y536GZ0,1
DB39XJ7,1
E1QE4ND,1
J7CCOL3,1
UEQ8S0R,1
M3M8GMJ,0
W0VO2RI,1
N3S5PDE,1
SFHUUB4,1
T1EBZ7Q,1
3CV26U5,1
94NRH8J,1
BWUPQPS,1
24J7GS1,0
DRR4QXC,0
8MKZ92H,1
T4KFN2S,0
6CHOWOY,1
G9SKT5W,0
U1QRESO,1
WKRPA2U,1
X5ZE5U2,1
ILITPLC,1
3OXQP7W,1
KI8ZQ55,1
Q0J79K0,0
KJVZVEC,1
HVFYMK5,1
DI4OL87,1
2SH9AHX,1
STXE0Y6,1
RJEWB9U,1
OWUXV7R,1
LGYUMAO,1
369I4YD,1
VUOXW5K,1
H1S2T2Y,1
QGPCD5S,1
RMPE9Z1,1
